[2026-05-31 04:02:05] ============================================================
[2026-05-31 04:02:05] 开始全量月度爬取
[2026-05-31 04:02:05] ============================================================
[2026-05-31 04:02:05] 共 188 个平台待爬取
[2026-05-31 04:02:05] 
[1/188] 甘肃公共资源交易中心
[2026-05-31 04:02:05]   爬取: 甘肃公共资源交易中心 (https://ggzyjy.gansu.gov.cn)
[2026-05-31 04:02:06]     ✗ 未找到标讯
[2026-05-31 04:02:08] 
[2/188] 中国政府采购网甘肃站
[2026-05-31 04:02:08]   爬取: 中国政府采购网甘肃站 (https://www.ccgp-gansu.gov.cn)
[2026-05-31 04:02:08]     ✗ 未找到标讯
[2026-05-31 04:02:10] 
[3/188] 甘肃住建厅
[2026-05-31 04:02:10]   爬取: 甘肃住建厅 (https://zjt.gansu.gov.cn)
[2026-05-31 04:02:10]     ✗ 未找到标讯
[2026-05-31 04:02:12] 
[4/188] 甘肃交通运输厅
[2026-05-31 04:02:12]   爬取: 甘肃交通运输厅 (https://jtys.gansu.gov.cn)
[2026-05-31 04:02:12]     ✗ 未找到标讯
[2026-05-31 04:02:14] 
[5/188] 甘肃水利厅
[2026-05-31 04:02:14]   爬取: 甘肃水利厅 (https://slt.gansu.gov.cn)
[2026-05-31 04:02:15]     ✗ 未找到标讯
[2026-05-31 04:02:17] 
[6/188] 甘肃教育厅
[2026-05-31 04:02:17]   爬取: 甘肃教育厅 (https://jyt.gansu.gov.cn)
[2026-05-31 04:02:17]     ✗ 未找到标讯
[2026-05-31 04:02:19] 
[7/188] 甘肃卫健委
[2026-05-31 04:02:19]   爬取: 甘肃卫健委 (https://wsjk.gansu.gov.cn)
[2026-05-31 04:02:21]     ✗ 未找到标讯
[2026-05-31 04:02:23] 
[8/188] 甘肃农业农村厅
[2026-05-31 04:02:23]   爬取: 甘肃农业农村厅 (https://nync.gansu.gov.cn)
[2026-05-31 04:02:24]     ✗ 未找到标讯
[2026-05-31 04:02:26] 
[9/188] 甘肃自然资源厅
[2026-05-31 04:02:26]   爬取: 甘肃自然资源厅 (https://zrzy.gansu.gov.cn)
[2026-05-31 04:02:26]     ✗ 未找到标讯
[2026-05-31 04:02:28] 
[10/188] 甘肃生态环境厅
[2026-05-31 04:02:28]   爬取: 甘肃生态环境厅 (https://sthj.gansu.gov.cn)
[2026-05-31 04:02:28]     ✗ 未找到标讯
[2026-05-31 04:02:30] 
[11/188] 甘肃文旅厅
[2026-05-31 04:02:30]   爬取: 甘肃文旅厅 (https://wlt.gansu.gov.cn)
[2026-05-31 04:02:31]     ✗ 未找到标讯
[2026-05-31 04:02:33] 
[12/188] 宁夏公共资源交易中心
[2026-05-31 04:02:33]   爬取: 宁夏公共资源交易中心 (https://ggzyjy.fzggw.nx.gov.cn)
[2026-05-31 04:02:33]     找到 76 条标讯
[2026-05-31 04:02:33]     近一个月: 73 条
[2026-05-31 04:30:38] ============================================================
[2026-05-31 04:30:38] 开始全量月度爬取
[2026-05-31 04:30:38] ============================================================
[2026-05-31 04:30:38] 共 188 个平台待爬取
[2026-05-31 04:30:38] 
[1/188] 甘肃公共资源交易中心
[2026-05-31 04:30:38]   爬取: 甘肃公共资源交易中心 (https://ggzyjy.gansu.gov.cn)
[2026-05-31 04:30:38]     ✗ 未找到标讯
[2026-05-31 04:30:40] 
[2/188] 中国政府采购网甘肃站
[2026-05-31 04:30:40]   爬取: 中国政府采购网甘肃站 (https://www.ccgp-gansu.gov.cn)
[2026-05-31 04:30:40]     ✗ 未找到标讯
[2026-05-31 04:30:42] 
[3/188] 甘肃住建厅
[2026-05-31 04:30:42]   爬取: 甘肃住建厅 (https://zjt.gansu.gov.cn)
[2026-05-31 04:30:43]     ✗ 未找到标讯
[2026-05-31 04:30:45] 
[4/188] 甘肃交通运输厅
[2026-05-31 04:30:45]   爬取: 甘肃交通运输厅 (https://jtys.gansu.gov.cn)
[2026-05-31 04:30:45]     ✗ 未找到标讯
[2026-05-31 04:30:47] 
[5/188] 甘肃水利厅
[2026-05-31 04:30:47]   爬取: 甘肃水利厅 (https://slt.gansu.gov.cn)
[2026-05-31 04:30:47]     ✗ 未找到标讯
[2026-05-31 04:30:49] 
[6/188] 甘肃教育厅
[2026-05-31 04:30:49]   爬取: 甘肃教育厅 (https://jyt.gansu.gov.cn)
[2026-05-31 04:30:49]     ✗ 未找到标讯
[2026-05-31 04:30:52] 
[7/188] 甘肃卫健委
[2026-05-31 04:30:52]   爬取: 甘肃卫健委 (https://wsjk.gansu.gov.cn)
[2026-05-31 04:30:52]     ✗ 未找到标讯
[2026-05-31 04:30:54] 
[8/188] 甘肃农业农村厅
[2026-05-31 04:30:54]   爬取: 甘肃农业农村厅 (https://nync.gansu.gov.cn)
[2026-05-31 04:30:54]     ✗ 未找到标讯
[2026-05-31 04:30:56] ============================================================
[2026-05-31 04:30:56] 开始全量月度爬取
[2026-05-31 04:30:56] ============================================================
[2026-05-31 04:30:56] 共 188 个平台待爬取
[2026-05-31 04:30:56] 
[1/188] 甘肃公共资源交易中心
[2026-05-31 04:30:56]   爬取: 甘肃公共资源交易中心 (https://ggzyjy.gansu.gov.cn)
[2026-05-31 04:30:56] 
[9/188] 甘肃自然资源厅
[2026-05-31 04:30:56]   爬取: 甘肃自然资源厅 (https://zrzy.gansu.gov.cn)
[2026-05-31 04:30:56]     ✗ 未找到标讯
[2026-05-31 04:30:56]     ✗ 未找到标讯
[2026-05-31 04:30:58] 
[2/188] 中国政府采购网甘肃站
[2026-05-31 04:30:58]   爬取: 中国政府采购网甘肃站 (https://www.ccgp-gansu.gov.cn)
[2026-05-31 04:30:58] 
[10/188] 甘肃生态环境厅
[2026-05-31 04:30:58]   爬取: 甘肃生态环境厅 (https://sthj.gansu.gov.cn)
[2026-05-31 04:30:59]     ✗ 未找到标讯
[2026-05-31 04:30:59]     ✗ 未找到标讯
[2026-05-31 04:31:01] 
[3/188] 甘肃住建厅
[2026-05-31 04:31:01]   爬取: 甘肃住建厅 (https://zjt.gansu.gov.cn)
[2026-05-31 04:31:01] 
[11/188] 甘肃文旅厅
[2026-05-31 04:31:01]   爬取: 甘肃文旅厅 (https://wlt.gansu.gov.cn)
[2026-05-31 04:31:01]     ✗ 未找到标讯
[2026-05-31 04:31:01]     ✗ 未找到标讯
[2026-05-31 04:31:03] 
[4/188] 甘肃交通运输厅
[2026-05-31 04:31:03]   爬取: 甘肃交通运输厅 (https://jtys.gansu.gov.cn)
[2026-05-31 04:31:03] 
[12/188] 宁夏公共资源交易中心
[2026-05-31 04:31:03]   爬取: 宁夏公共资源交易中心 (https://ggzyjy.fzggw.nx.gov.cn)
[2026-05-31 04:31:03]     ✗ 未找到标讯
[2026-05-31 04:31:03]     找到 76 条标讯
[2026-05-31 04:31:03]     近一个月: 73 条
[2026-05-31 04:31:05] 
[5/188] 甘肃水利厅
[2026-05-31 04:31:05]   爬取: 甘肃水利厅 (https://slt.gansu.gov.cn)
[2026-05-31 04:31:06]     ✗ 未找到标讯
[2026-05-31 04:31:08] 
[6/188] 甘肃教育厅
[2026-05-31 04:31:08]   爬取: 甘肃教育厅 (https://jyt.gansu.gov.cn)
[2026-05-31 04:31:08]     ✗ 未找到标讯
[2026-05-31 04:31:10] 
[7/188] 甘肃卫健委
[2026-05-31 04:31:10]   爬取: 甘肃卫健委 (https://wsjk.gansu.gov.cn)
[2026-05-31 04:31:10]     ✗ 未找到标讯
[2026-05-31 04:31:12] 
[8/188] 甘肃农业农村厅
[2026-05-31 04:31:12]   爬取: 甘肃农业农村厅 (https://nync.gansu.gov.cn)
[2026-05-31 04:31:12]     ✗ 未找到标讯
[2026-05-31 04:31:14] 
[9/188] 甘肃自然资源厅
[2026-05-31 04:31:14]   爬取: 甘肃自然资源厅 (https://zrzy.gansu.gov.cn)
[2026-05-31 04:31:15]     ✗ 未找到标讯
[2026-05-31 04:31:17] 
[10/188] 甘肃生态环境厅
[2026-05-31 04:31:17]   爬取: 甘肃生态环境厅 (https://sthj.gansu.gov.cn)
[2026-05-31 04:31:17]     ✗ 未找到标讯
[2026-05-31 04:31:19] 
[11/188] 甘肃文旅厅
[2026-05-31 04:31:19]   爬取: 甘肃文旅厅 (https://wlt.gansu.gov.cn)
[2026-05-31 04:31:19]     ✗ 未找到标讯
[2026-05-31 04:31:21] 
[12/188] 宁夏公共资源交易中心
[2026-05-31 04:31:21]   爬取: 宁夏公共资源交易中心 (https://ggzyjy.fzggw.nx.gov.cn)
[2026-05-31 04:31:22]     找到 76 条标讯
[2026-05-31 04:31:22]     近一个月: 73 条
[2026-05-31 04:32:03] 
[13/188] 中国政府采购网宁夏站
[2026-05-31 04:32:03]   爬取: 中国政府采购网宁夏站 (https://www.ccgp-ningxia.gov.cn)
[2026-05-31 04:32:03]     找到 5 条标讯
[2026-05-31 04:32:03]     近一个月: 5 条
[2026-05-31 04:32:13] 
[14/188] 宁夏住建厅
[2026-05-31 04:32:13]   爬取: 宁夏住建厅 (https://jst.nx.gov.cn)
[2026-05-31 04:32:21] 
[13/188] 中国政府采购网宁夏站
[2026-05-31 04:32:21]   爬取: 中国政府采购网宁夏站 (https://www.ccgp-ningxia.gov.cn)
[2026-05-31 04:32:21]     找到 5 条标讯
[2026-05-31 04:32:21]     近一个月: 5 条
[2026-05-31 04:32:30] 
[14/188] 宁夏住建厅
[2026-05-31 04:32:30]   爬取: 宁夏住建厅 (https://jst.nx.gov.cn)
[2026-05-31 04:32:58]     ✗ 无法访问
[2026-05-31 04:33:00] 
[15/188] 宁夏交通运输厅
[2026-05-31 04:33:00]   爬取: 宁夏交通运输厅 (https://jtt.nx.gov.cn)
[2026-05-31 04:33:16]     ✗ 无法访问
[2026-05-31 04:33:18] 
[15/188] 宁夏交通运输厅
[2026-05-31 04:33:18]   爬取: 宁夏交通运输厅 (https://jtt.nx.gov.cn)
[2026-05-31 04:33:45]     ✗ 无法访问
[2026-05-31 04:33:47] 
[16/188] 宁夏水利厅
[2026-05-31 04:33:47]   爬取: 宁夏水利厅 (https://slt.nx.gov.cn)
[2026-05-31 04:33:47]     找到 5 条标讯
[2026-05-31 04:33:47]     近一个月: 4 条
[2026-05-31 04:33:55] 
[17/188] 宁夏教育厅
[2026-05-31 04:33:55]   爬取: 宁夏教育厅 (https://jyt.nx.gov.cn)
[2026-05-31 04:33:55]     找到 6 条标讯
[2026-05-31 04:33:55]     近一个月: 3 条
[2026-05-31 04:34:01] 
[18/188] 宁夏卫健委
[2026-05-31 04:34:01]   爬取: 宁夏卫健委 (https://wsjkw.nx.gov.cn)
[2026-05-31 04:34:01]     找到 6 条标讯
[2026-05-31 04:34:01]     近一个月: 1 条
[2026-05-31 04:34:03]     ✗ 无法访问
[2026-05-31 04:34:04] 
[19/188] 宁夏农业农村厅
[2026-05-31 04:34:04]   爬取: 宁夏农业农村厅 (https://nynct.nx.gov.cn)
[2026-05-31 04:34:05]     找到 3 条标讯
[2026-05-31 04:34:05]     近一个月: 3 条
[2026-05-31 04:34:05] 
[16/188] 宁夏水利厅
[2026-05-31 04:34:05]   爬取: 宁夏水利厅 (https://slt.nx.gov.cn)
[2026-05-31 04:34:05]     找到 5 条标讯
[2026-05-31 04:34:05]     近一个月: 4 条
[2026-05-31 04:34:11] 
[20/188] 宁夏自然资源厅
[2026-05-31 04:34:11]   爬取: 宁夏自然资源厅 (https://zrzyt.nx.gov.cn)
[2026-05-31 04:34:11]     找到 8 条标讯
[2026-05-31 04:34:11]     近一个月: 8 条
[2026-05-31 04:34:12] 
[17/188] 宁夏教育厅
[2026-05-31 04:34:12]   爬取: 宁夏教育厅 (https://jyt.nx.gov.cn)
[2026-05-31 04:34:13]     找到 6 条标讯
[2026-05-31 04:34:13]     近一个月: 3 条
[2026-05-31 04:34:19] 
[18/188] 宁夏卫健委
[2026-05-31 04:34:19]   爬取: 宁夏卫健委 (https://wsjkw.nx.gov.cn)
[2026-05-31 04:34:19]     找到 6 条标讯
[2026-05-31 04:34:19]     近一个月: 1 条
[2026-05-31 04:34:22] 
[19/188] 宁夏农业农村厅
[2026-05-31 04:34:22]   爬取: 宁夏农业农村厅 (https://nynct.nx.gov.cn)
[2026-05-31 04:34:22]     找到 3 条标讯
[2026-05-31 04:34:22]     近一个月: 3 条
[2026-05-31 04:34:24] 
[21/188] 宁夏生态环境厅
[2026-05-31 04:34:24]   爬取: 宁夏生态环境厅 (https://sthjt.nx.gov.cn)
[2026-05-31 04:34:24]     找到 4 条标讯
[2026-05-31 04:34:24]     近一个月: 4 条
[2026-05-31 04:34:28] 
[20/188] 宁夏自然资源厅
[2026-05-31 04:34:28]   爬取: 宁夏自然资源厅 (https://zrzyt.nx.gov.cn)
[2026-05-31 04:34:29]     找到 8 条标讯
[2026-05-31 04:34:29]     近一个月: 8 条
[2026-05-31 04:34:31] 
[22/188] 宁夏文旅厅
[2026-05-31 04:34:31]   爬取: 宁夏文旅厅 (https://whhlyt.nx.gov.cn)
[2026-05-31 04:34:31]     找到 4 条标讯
[2026-05-31 04:34:31]     近一个月: 4 条
[2026-05-31 04:34:39] 
[23/188] 北京卫健委
[2026-05-31 04:34:39]   爬取: 北京卫健委 (https://wjw.beijing.gov.cn)
[2026-05-31 04:34:39]     找到 4 条标讯
[2026-05-31 04:34:39]     近一个月: 4 条
[2026-05-31 04:34:40]       ✓ 放射诊疗项目变更...
[2026-05-31 04:34:42] 
[21/188] 宁夏生态环境厅
[2026-05-31 04:34:42]   爬取: 宁夏生态环境厅 (https://sthjt.nx.gov.cn)
[2026-05-31 04:34:42]       ✓ 医疗机构变更登记注册...
[2026-05-31 04:34:42]     找到 4 条标讯
[2026-05-31 04:34:42]     近一个月: 4 条
[2026-05-31 04:34:43]       ✓ 护士执业变更注册...
[2026-05-31 04:34:44]     保存 3 条
[2026-05-31 04:34:46] 
[24/188] 北京住建委
[2026-05-31 04:34:46]   爬取: 北京住建委 (https://zjw.beijing.gov.cn)
[2026-05-31 04:34:46]     找到 4 条标讯
[2026-05-31 04:34:46]     近一个月: 4 条
[2026-05-31 04:34:49] 
[22/188] 宁夏文旅厅
[2026-05-31 04:34:49]   爬取: 宁夏文旅厅 (https://whhlyt.nx.gov.cn)
[2026-05-31 04:34:49]     找到 4 条标讯
[2026-05-31 04:34:49]     近一个月: 4 条
[2026-05-31 04:34:53] 
[25/188] 北京交通委
[2026-05-31 04:34:53]   爬取: 北京交通委 (https://jtw.beijing.gov.cn)
[2026-05-31 04:34:54]     找到 1 条标讯
[2026-05-31 04:34:54]     近一个月: 1 条
[2026-05-31 04:34:56] 
[23/188] 北京卫健委
[2026-05-31 04:34:56]   爬取: 北京卫健委 (https://wjw.beijing.gov.cn)
[2026-05-31 04:34:57]     找到 4 条标讯
[2026-05-31 04:34:57]     近一个月: 4 条
[2026-05-31 04:34:57] 
[26/188] 北京水务局
[2026-05-31 04:34:57]   爬取: 北京水务局 (https://swj.beijing.gov.cn)
[2026-05-31 04:34:57]     找到 8 条标讯
[2026-05-31 04:34:57]     近一个月: 8 条
[2026-05-31 04:35:04] 
[24/188] 北京住建委
[2026-05-31 04:35:04]   爬取: 北京住建委 (https://zjw.beijing.gov.cn)
[2026-05-31 04:35:04]     找到 4 条标讯
[2026-05-31 04:35:04]     近一个月: 4 条
[2026-05-31 04:35:09] 
[27/188] 北京教委
[2026-05-31 04:35:09]   爬取: 北京教委 (https://jw.beijing.gov.cn)
[2026-05-31 04:35:09]     找到 1 条标讯
[2026-05-31 04:35:09]     近一个月: 1 条
[2026-05-31 04:35:11] 
[25/188] 北京交通委
[2026-05-31 04:35:11]   爬取: 北京交通委 (https://jtw.beijing.gov.cn)
[2026-05-31 04:35:11]     找到 1 条标讯
[2026-05-31 04:35:11]     近一个月: 1 条
[2026-05-31 04:35:13] 
[28/188] 北京农业农村局
[2026-05-31 04:35:13]   爬取: 北京农业农村局 (https://nyncj.beijing.gov.cn)
[2026-05-31 04:35:13]     找到 5 条标讯
[2026-05-31 04:35:13]     近一个月: 5 条
[2026-05-31 04:35:14] 
[26/188] 北京水务局
[2026-05-31 04:35:14]   爬取: 北京水务局 (https://swj.beijing.gov.cn)
[2026-05-31 04:35:15]     找到 8 条标讯
[2026-05-31 04:35:15]     近一个月: 8 条
[2026-05-31 04:35:21] 
[29/188] 北京生态环境局
[2026-05-31 04:35:21]   爬取: 北京生态环境局 (https://sthjj.beijing.gov.cn)
[2026-05-31 04:35:22]     找到 4 条标讯
[2026-05-31 04:35:22]     近一个月: 4 条
[2026-05-31 04:35:26] 
[27/188] 北京教委
[2026-05-31 04:35:26]   爬取: 北京教委 (https://jw.beijing.gov.cn)
[2026-05-31 04:35:27]     找到 1 条标讯
[2026-05-31 04:35:27]     近一个月: 1 条
[2026-05-31 04:35:29] 
[30/188] 北京文旅局
[2026-05-31 04:35:29]   爬取: 北京文旅局 (https://whlyj.beijing.gov.cn)
[2026-05-31 04:35:29]     找到 3 条标讯
[2026-05-31 04:35:29]     近一个月: 3 条
[2026-05-31 04:35:30] 
[28/188] 北京农业农村局
[2026-05-31 04:35:30]   爬取: 北京农业农村局 (https://nyncj.beijing.gov.cn)
[2026-05-31 04:35:30]     找到 5 条标讯
[2026-05-31 04:35:30]     近一个月: 5 条
[2026-05-31 04:35:35] 
[31/188] 中国政府采购网河北站
[2026-05-31 04:35:35]   爬取: 中国政府采购网河北站 (https://www.ccgp-hebei.gov.cn)
[2026-05-31 04:35:35]     ✗ 无法访问
[2026-05-31 04:35:37] 
[32/188] 河北农业农村厅
[2026-05-31 04:35:37]   爬取: 河北农业农村厅 (https://nync.hebei.gov.cn)
[2026-05-31 04:35:38]     找到 21 条标讯
[2026-05-31 04:35:38]     近一个月: 19 条
[2026-05-31 04:35:38] 
[29/188] 北京生态环境局
[2026-05-31 04:35:38]   爬取: 北京生态环境局 (https://sthjj.beijing.gov.cn)
[2026-05-31 04:35:39]     找到 4 条标讯
[2026-05-31 04:35:39]     近一个月: 4 条
[2026-05-31 04:35:46] 
[30/188] 北京文旅局
[2026-05-31 04:35:46]   爬取: 北京文旅局 (https://whlyj.beijing.gov.cn)
[2026-05-31 04:35:46]     找到 3 条标讯
[2026-05-31 04:35:46]     近一个月: 3 条
[2026-05-31 04:35:52] 
[31/188] 中国政府采购网河北站
[2026-05-31 04:35:52]   爬取: 中国政府采购网河北站 (https://www.ccgp-hebei.gov.cn)
[2026-05-31 04:35:52]     ✗ 无法访问
[2026-05-31 04:35:54] 
[32/188] 河北农业农村厅
[2026-05-31 04:35:54]   爬取: 河北农业农村厅 (https://nync.hebei.gov.cn)
[2026-05-31 04:35:55]     找到 21 条标讯
[2026-05-31 04:35:55]     近一个月: 19 条
[2026-05-31 04:36:03] 
[33/188] 河北自然资源厅
[2026-05-31 04:36:03]   爬取: 河北自然资源厅 (https://zrzy.hebei.gov.cn)
[2026-05-31 04:36:04]     找到 10 条标讯
[2026-05-31 04:36:04]     近一个月: 10 条
[2026-05-31 04:36:18] 
[34/188] 中国政府采购网山西站
[2026-05-31 04:36:18]   爬取: 中国政府采购网山西站 (https://www.ccgp-shanxi.gov.cn)
[2026-05-31 04:36:18]     ✗ 未找到标讯
[2026-05-31 04:36:20] 
[35/188] 山西住建厅
[2026-05-31 04:36:20]   爬取: 山西住建厅 (https://zjt.shanxi.gov.cn)
[2026-05-31 04:36:20] 
[33/188] 河北自然资源厅
[2026-05-31 04:36:20]   爬取: 河北自然资源厅 (https://zrzy.hebei.gov.cn)
[2026-05-31 04:36:21]     找到 10 条标讯
[2026-05-31 04:36:21]     近一个月: 10 条
[2026-05-31 04:36:21]     找到 6 条标讯
[2026-05-31 04:36:21]     近一个月: 6 条
[2026-05-31 04:36:31] 
[36/188] 山西水利厅
[2026-05-31 04:36:31]   爬取: 山西水利厅 (https://slt.shanxi.gov.cn)
[2026-05-31 04:36:32]     找到 8 条标讯
[2026-05-31 04:36:32]     近一个月: 6 条
[2026-05-31 04:36:35] 
[34/188] 中国政府采购网山西站
[2026-05-31 04:36:35]   爬取: 中国政府采购网山西站 (https://www.ccgp-shanxi.gov.cn)
[2026-05-31 04:36:36]     ✗ 未找到标讯
[2026-05-31 04:36:37]       ✓ 二级造价工程师（水利工程）注册（变更注册）...
[2026-05-31 04:36:38] 
[35/188] 山西住建厅
[2026-05-31 04:36:38]   爬取: 山西住建厅 (https://zjt.shanxi.gov.cn)
[2026-05-31 04:36:38]     找到 6 条标讯
[2026-05-31 04:36:38]     近一个月: 6 条
[2026-05-31 04:36:39]       ✓ 汾阳至石楼高速公路弃渣场变更水土保持方案补充报告书审批准予行政许可决定书...
[2026-05-31 04:30:38] ============================================================
[2026-05-31 04:30:38] 开始全量月度爬取
[2026-05-31 04:30:38] ============================================================
[2026-05-31 04:30:38] 共 188 个平台待爬取
[2026-05-31 04:30:38] 
[1/188] 甘肃公共资源交易中心
[2026-05-31 04:30:38]   爬取: 甘肃公共资源交易中心 (https://ggzyjy.gansu.gov.cn)
[2026-05-31 04:30:38]     ✗ 未找到标讯
[2026-05-31 04:30:40] 
[2/188] 中国政府采购网甘肃站
[2026-05-31 04:30:40]   爬取: 中国政府采购网甘肃站 (https://www.ccgp-gansu.gov.cn)
[2026-05-31 04:30:40]     ✗ 未找到标讯
[2026-05-31 04:30:42] 
[3/188] 甘肃住建厅
[2026-05-31 04:30:42]   爬取: 甘肃住建厅 (https://zjt.gansu.gov.cn)
[2026-05-31 04:30:43]     ✗ 未找到标讯
[2026-05-31 04:30:45] 
[4/188] 甘肃交通运输厅
[2026-05-31 04:30:45]   爬取: 甘肃交通运输厅 (https://jtys.gansu.gov.cn)
[2026-05-31 04:30:45]     ✗ 未找到标讯
[2026-05-31 04:30:47] 
[5/188] 甘肃水利厅
[2026-05-31 04:30:47]   爬取: 甘肃水利厅 (https://slt.gansu.gov.cn)
[2026-05-31 04:30:47]     ✗ 未找到标讯
[2026-05-31 04:30:49] 
[6/188] 甘肃教育厅
[2026-05-31 04:30:49]   爬取: 甘肃教育厅 (https://jyt.gansu.gov.cn)
[2026-05-31 04:30:49]     ✗ 未找到标讯
[2026-05-31 04:30:52] 
[7/188] 甘肃卫健委
[2026-05-31 04:30:52]   爬取: 甘肃卫健委 (https://wsjk.gansu.gov.cn)
[2026-05-31 04:30:52]     ✗ 未找到标讯
[2026-05-31 04:30:54] 
[8/188] 甘肃农业农村厅
[2026-05-31 04:30:54]   爬取: 甘肃农业农村厅 (https://nync.gansu.gov.cn)
[2026-05-31 04:30:54]     ✗ 未找到标讯
[2026-05-31 04:30:56] 
[9/188] 甘肃自然资源厅
[2026-05-31 04:30:56]   爬取: 甘肃自然资源厅 (https://zrzy.gansu.gov.cn)
[2026-05-31 04:30:56]     ✗ 未找到标讯
[2026-05-31 04:30:58] 
[10/188] 甘肃生态环境厅
[2026-05-31 04:30:58]   爬取: 甘肃生态环境厅 (https://sthj.gansu.gov.cn)
[2026-05-31 04:30:59]     ✗ 未找到标讯
[2026-05-31 04:31:01] 
[11/188] 甘肃文旅厅
[2026-05-31 04:31:01]   爬取: 甘肃文旅厅 (https://wlt.gansu.gov.cn)
[2026-05-31 04:31:01]     ✗ 未找到标讯
[2026-05-31 04:31:03] 
[12/188] 宁夏公共资源交易中心
[2026-05-31 04:31:03]   爬取: 宁夏公共资源交易中心 (https://ggzyjy.fzggw.nx.gov.cn)
[2026-05-31 04:31:03]     找到 76 条标讯
[2026-05-31 04:31:03]     近一个月: 73 条
[2026-05-31 04:32:03] 
[13/188] 中国政府采购网宁夏站
[2026-05-31 04:32:03]   爬取: 中国政府采购网宁夏站 (https://www.ccgp-ningxia.gov.cn)
[2026-05-31 04:32:03]     找到 5 条标讯
[2026-05-31 04:32:03]     近一个月: 5 条
[2026-05-31 04:32:13] 
[14/188] 宁夏住建厅
[2026-05-31 04:32:13]   爬取: 宁夏住建厅 (https://jst.nx.gov.cn)
[2026-05-31 04:32:58]     ✗ 无法访问
[2026-05-31 04:33:00] 
[15/188] 宁夏交通运输厅
[2026-05-31 04:33:00]   爬取: 宁夏交通运输厅 (https://jtt.nx.gov.cn)
[2026-05-31 04:33:45]     ✗ 无法访问
[2026-05-31 04:33:47] 
[16/188] 宁夏水利厅
[2026-05-31 04:33:47]   爬取: 宁夏水利厅 (https://slt.nx.gov.cn)
[2026-05-31 04:33:47]     找到 5 条标讯
[2026-05-31 04:33:47]     近一个月: 4 条
[2026-05-31 04:33:55] 
[17/188] 宁夏教育厅
[2026-05-31 04:33:55]   爬取: 宁夏教育厅 (https://jyt.nx.gov.cn)
[2026-05-31 04:33:55]     找到 6 条标讯
[2026-05-31 04:33:55]     近一个月: 3 条
[2026-05-31 04:34:01] 
[18/188] 宁夏卫健委
[2026-05-31 04:34:01]   爬取: 宁夏卫健委 (https://wsjkw.nx.gov.cn)
[2026-05-31 04:34:01]     找到 6 条标讯
[2026-05-31 04:34:01]     近一个月: 1 条
[2026-05-31 04:34:04] 
[19/188] 宁夏农业农村厅
[2026-05-31 04:34:04]   爬取: 宁夏农业农村厅 (https://nynct.nx.gov.cn)
[2026-05-31 04:34:05]     找到 3 条标讯
[2026-05-31 04:34:05]     近一个月: 3 条
[2026-05-31 04:34:11] 
[20/188] 宁夏自然资源厅
[2026-05-31 04:34:11]   爬取: 宁夏自然资源厅 (https://zrzyt.nx.gov.cn)
[2026-05-31 04:34:11]     找到 8 条标讯
[2026-05-31 04:34:11]     近一个月: 8 条
[2026-05-31 04:34:24] 
[21/188] 宁夏生态环境厅
[2026-05-31 04:34:24]   爬取: 宁夏生态环境厅 (https://sthjt.nx.gov.cn)
[2026-05-31 04:34:24]     找到 4 条标讯
[2026-05-31 04:34:24]     近一个月: 4 条
[2026-05-31 04:34:31] 
[22/188] 宁夏文旅厅
[2026-05-31 04:34:31]   爬取: 宁夏文旅厅 (https://whhlyt.nx.gov.cn)
[2026-05-31 04:34:31]     找到 4 条标讯
[2026-05-31 04:34:31]     近一个月: 4 条
[2026-05-31 04:34:39] 
[23/188] 北京卫健委
[2026-05-31 04:34:39]   爬取: 北京卫健委 (https://wjw.beijing.gov.cn)
[2026-05-31 04:34:39]     找到 4 条标讯
[2026-05-31 04:34:39]     近一个月: 4 条
[2026-05-31 04:34:40]       ✓ 放射诊疗项目变更...
[2026-05-31 04:34:42]       ✓ 医疗机构变更登记注册...
[2026-05-31 04:34:43]       ✓ 护士执业变更注册...
[2026-05-31 04:34:44]     保存 3 条
[2026-05-31 04:34:46] 
[24/188] 北京住建委
[2026-05-31 04:34:46]   爬取: 北京住建委 (https://zjw.beijing.gov.cn)
[2026-05-31 04:34:46]     找到 4 条标讯
[2026-05-31 04:34:46]     近一个月: 4 条
[2026-05-31 04:34:53] 
[25/188] 北京交通委
[2026-05-31 04:34:53]   爬取: 北京交通委 (https://jtw.beijing.gov.cn)
[2026-05-31 04:34:54]     找到 1 条标讯
[2026-05-31 04:34:54]     近一个月: 1 条
[2026-05-31 04:34:57] 
[26/188] 北京水务局
[2026-05-31 04:34:57]   爬取: 北京水务局 (https://swj.beijing.gov.cn)
[2026-05-31 04:34:57]     找到 8 条标讯
[2026-05-31 04:34:57]     近一个月: 8 条
[2026-05-31 04:35:09] 
[27/188] 北京教委
[2026-05-31 04:35:09]   爬取: 北京教委 (https://jw.beijing.gov.cn)
[2026-05-31 04:35:09]     找到 1 条标讯
[2026-05-31 04:35:09]     近一个月: 1 条
[2026-05-31 04:35:13] 
[28/188] 北京农业农村局
[2026-05-31 04:35:13]   爬取: 北京农业农村局 (https://nyncj.beijing.gov.cn)
[2026-05-31 04:35:13]     找到 5 条标讯
[2026-05-31 04:35:13]     近一个月: 5 条
[2026-05-31 04:35:21] 
[29/188] 北京生态环境局
[2026-05-31 04:35:21]   爬取: 北京生态环境局 (https://sthjj.beijing.gov.cn)
[2026-05-31 04:35:22]     找到 4 条标讯
[2026-05-31 04:35:22]     近一个月: 4 条
[2026-05-31 04:35:29] 
[30/188] 北京文旅局
[2026-05-31 04:35:29]   爬取: 北京文旅局 (https://whlyj.beijing.gov.cn)
[2026-05-31 04:35:29]     找到 3 条标讯
[2026-05-31 04:35:29]     近一个月: 3 条
[2026-05-31 04:35:35] 
[31/188] 中国政府采购网河北站
[2026-05-31 04:35:35]   爬取: 中国政府采购网河北站 (https://www.ccgp-hebei.gov.cn)
[2026-05-31 04:35:35]     ✗ 无法访问
[2026-05-31 04:35:37] 
[32/188] 河北农业农村厅
[2026-05-31 04:35:37]   爬取: 河北农业农村厅 (https://nync.hebei.gov.cn)
[2026-05-31 04:35:38]     找到 21 条标讯
[2026-05-31 04:35:38]     近一个月: 19 条
[2026-05-31 04:36:03] 
[33/188] 河北自然资源厅
[2026-05-31 04:36:03]   爬取: 河北自然资源厅 (https://zrzy.hebei.gov.cn)
[2026-05-31 04:36:04]     找到 10 条标讯
[2026-05-31 04:36:04]     近一个月: 10 条
[2026-05-31 04:36:18] 
[34/188] 中国政府采购网山西站
[2026-05-31 04:36:18]   爬取: 中国政府采购网山西站 (https://www.ccgp-shanxi.gov.cn)
[2026-05-31 04:36:18]     ✗ 未找到标讯
[2026-05-31 04:36:20] 
[35/188] 山西住建厅
[2026-05-31 04:36:20]   爬取: 山西住建厅 (https://zjt.shanxi.gov.cn)
[2026-05-31 04:36:21]     找到 6 条标讯
[2026-05-31 04:36:21]     近一个月: 6 条
[2026-05-31 04:36:31] 
[36/188] 山西水利厅
[2026-05-31 04:36:31]   爬取: 山西水利厅 (https://slt.shanxi.gov.cn)
[2026-05-31 04:36:32]     找到 8 条标讯
[2026-05-31 04:36:32]     近一个月: 6 条
[2026-05-31 04:36:37]       ✓ 二级造价工程师（水利工程）注册（变更注册）...
[2026-05-31 04:36:39]       ✓ 汾阳至石楼高速公路弃渣场变更水土保持方案补充报告书审批准予行政许可决定书...
[2026-05-31 04:36:40]       ✓ 水利工程质量检测单位乙级资质认定（变更）申请表...
[2026-05-31 04:36:41]     保存 3 条
[2026-05-31 04:36:43] 
[37/188] 山西教育厅
[2026-05-31 04:36:43]   爬取: 山西教育厅 (https://jyt.shanxi.gov.cn)
[2026-05-31 04:36:44]     找到 5 条标讯
[2026-05-31 04:36:44]     近一个月: 5 条
[2026-05-31 04:36:49] 
[36/188] 山西水利厅
[2026-05-31 04:36:49]   爬取: 山西水利厅 (https://slt.shanxi.gov.cn)
[2026-05-31 04:36:50]     找到 8 条标讯
[2026-05-31 04:36:50]     近一个月: 6 条
[2026-05-31 04:36:53] 
[38/188] 山西卫健委
[2026-05-31 04:36:53]   爬取: 山西卫健委 (https://wjw.shanxi.gov.cn)
[2026-05-31 04:36:54]     找到 17 条标讯
[2026-05-31 04:36:54]     近一个月: 17 条
[2026-05-31 04:37:01] 
[37/188] 山西教育厅
[2026-05-31 04:37:01]   爬取: 山西教育厅 (https://jyt.shanxi.gov.cn)
[2026-05-31 04:37:02]     找到 5 条标讯
[2026-05-31 04:37:02]     近一个月: 5 条
[2026-05-31 04:37:11] 
[38/188] 山西卫健委
[2026-05-31 04:37:11]   爬取: 山西卫健委 (https://wjw.shanxi.gov.cn)
[2026-05-31 04:37:12]     找到 17 条标讯
[2026-05-31 04:37:12]     近一个月: 17 条
[2026-05-31 04:37:19] 
[39/188] 山西文旅厅
[2026-05-31 04:37:19]   爬取: 山西文旅厅 (https://wlt.shanxi.gov.cn)
[2026-05-31 04:37:20]     找到 3 条标讯
[2026-05-31 04:37:20]     近一个月: 3 条
[2026-05-31 04:37:26] 
[40/188] 内蒙古公共资源交易中心
[2026-05-31 04:37:26]   爬取: 内蒙古公共资源交易中心 (https://ggzyjy.nmg.gov.cn)
[2026-05-31 04:37:28]     找到 27 条标讯
[2026-05-31 04:37:28]     近一个月: 24 条
[2026-05-31 04:37:36] 
[39/188] 山西文旅厅
[2026-05-31 04:30:56] ============================================================
[2026-05-31 04:30:56] 开始全量月度爬取
[2026-05-31 04:30:56] ============================================================
[2026-05-31 04:30:56] 共 188 个平台待爬取
[2026-05-31 04:30:56] 
[1/188] 甘肃公共资源交易中心
[2026-05-31 04:30:56]   爬取: 甘肃公共资源交易中心 (https://ggzyjy.gansu.gov.cn)
[2026-05-31 04:30:56]     ✗ 未找到标讯
[2026-05-31 04:30:58] 
[2/188] 中国政府采购网甘肃站
[2026-05-31 04:30:58]   爬取: 中国政府采购网甘肃站 (https://www.ccgp-gansu.gov.cn)
[2026-05-31 04:30:59]     ✗ 未找到标讯
[2026-05-31 04:31:01] 
[3/188] 甘肃住建厅
[2026-05-31 04:31:01]   爬取: 甘肃住建厅 (https://zjt.gansu.gov.cn)
[2026-05-31 04:31:01]     ✗ 未找到标讯
[2026-05-31 04:31:03] 
[4/188] 甘肃交通运输厅
[2026-05-31 04:31:03]   爬取: 甘肃交通运输厅 (https://jtys.gansu.gov.cn)
[2026-05-31 04:31:03]     ✗ 未找到标讯
[2026-05-31 04:31:05] 
[5/188] 甘肃水利厅
[2026-05-31 04:31:05]   爬取: 甘肃水利厅 (https://slt.gansu.gov.cn)
[2026-05-31 04:31:06]     ✗ 未找到标讯
[2026-05-31 04:31:08] 
[6/188] 甘肃教育厅
[2026-05-31 04:31:08]   爬取: 甘肃教育厅 (https://jyt.gansu.gov.cn)
[2026-05-31 04:31:08]     ✗ 未找到标讯
[2026-05-31 04:31:10] 
[7/188] 甘肃卫健委
[2026-05-31 04:31:10]   爬取: 甘肃卫健委 (https://wsjk.gansu.gov.cn)
[2026-05-31 04:31:10]     ✗ 未找到标讯
[2026-05-31 04:31:12] 
[8/188] 甘肃农业农村厅
[2026-05-31 04:31:12]   爬取: 甘肃农业农村厅 (https://nync.gansu.gov.cn)
[2026-05-31 04:31:12]     ✗ 未找到标讯
[2026-05-31 04:31:14] 
[9/188] 甘肃自然资源厅
[2026-05-31 04:31:14]   爬取: 甘肃自然资源厅 (https://zrzy.gansu.gov.cn)
[2026-05-31 04:31:15]     ✗ 未找到标讯
[2026-05-31 04:31:17] 
[10/188] 甘肃生态环境厅
[2026-05-31 04:31:17]   爬取: 甘肃生态环境厅 (https://sthj.gansu.gov.cn)
[2026-05-31 04:31:17]     ✗ 未找到标讯
[2026-05-31 04:31:19] 
[11/188] 甘肃文旅厅
[2026-05-31 04:31:19]   爬取: 甘肃文旅厅 (https://wlt.gansu.gov.cn)
[2026-05-31 04:31:19]     ✗ 未找到标讯
[2026-05-31 04:31:21] 
[12/188] 宁夏公共资源交易中心
[2026-05-31 04:31:21]   爬取: 宁夏公共资源交易中心 (https://ggzyjy.fzggw.nx.gov.cn)
[2026-05-31 04:31:22]     找到 76 条标讯
[2026-05-31 04:31:22]     近一个月: 73 条
[2026-05-31 04:32:21] 
[13/188] 中国政府采购网宁夏站
[2026-05-31 04:32:21]   爬取: 中国政府采购网宁夏站 (https://www.ccgp-ningxia.gov.cn)
[2026-05-31 04:32:21]     找到 5 条标讯
[2026-05-31 04:32:21]     近一个月: 5 条
[2026-05-31 04:32:30] 
[14/188] 宁夏住建厅
[2026-05-31 04:32:30]   爬取: 宁夏住建厅 (https://jst.nx.gov.cn)
[2026-05-31 04:33:16]     ✗ 无法访问
[2026-05-31 04:33:18] 
[15/188] 宁夏交通运输厅
[2026-05-31 04:33:18]   爬取: 宁夏交通运输厅 (https://jtt.nx.gov.cn)
[2026-05-31 04:34:03]     ✗ 无法访问
[2026-05-31 04:34:05] 
[16/188] 宁夏水利厅
[2026-05-31 04:34:05]   爬取: 宁夏水利厅 (https://slt.nx.gov.cn)
[2026-05-31 04:34:05]     找到 5 条标讯
[2026-05-31 04:34:05]     近一个月: 4 条
[2026-05-31 04:34:12] 
[17/188] 宁夏教育厅
[2026-05-31 04:34:12]   爬取: 宁夏教育厅 (https://jyt.nx.gov.cn)
[2026-05-31 04:34:13]     找到 6 条标讯
[2026-05-31 04:34:13]     近一个月: 3 条
[2026-05-31 04:34:19] 
[18/188] 宁夏卫健委
[2026-05-31 04:34:19]   爬取: 宁夏卫健委 (https://wsjkw.nx.gov.cn)
[2026-05-31 04:34:19]     找到 6 条标讯
[2026-05-31 04:34:19]     近一个月: 1 条
[2026-05-31 04:34:22] 
[19/188] 宁夏农业农村厅
[2026-05-31 04:34:22]   爬取: 宁夏农业农村厅 (https://nynct.nx.gov.cn)
[2026-05-31 04:34:22]     找到 3 条标讯
[2026-05-31 04:34:22]     近一个月: 3 条
[2026-05-31 04:34:28] 
[20/188] 宁夏自然资源厅
[2026-05-31 04:34:28]   爬取: 宁夏自然资源厅 (https://zrzyt.nx.gov.cn)
[2026-05-31 04:34:29]     找到 8 条标讯
[2026-05-31 04:34:29]     近一个月: 8 条
[2026-05-31 04:34:42] 
[21/188] 宁夏生态环境厅
[2026-05-31 04:34:42]   爬取: 宁夏生态环境厅 (https://sthjt.nx.gov.cn)
[2026-05-31 04:34:42]     找到 4 条标讯
[2026-05-31 04:34:42]     近一个月: 4 条
[2026-05-31 04:34:49] 
[22/188] 宁夏文旅厅
[2026-05-31 04:34:49]   爬取: 宁夏文旅厅 (https://whhlyt.nx.gov.cn)
[2026-05-31 04:34:49]     找到 4 条标讯
[2026-05-31 04:34:49]     近一个月: 4 条
[2026-05-31 04:34:56] 
[23/188] 北京卫健委
[2026-05-31 04:34:56]   爬取: 北京卫健委 (https://wjw.beijing.gov.cn)
[2026-05-31 04:34:57]     找到 4 条标讯
[2026-05-31 04:34:57]     近一个月: 4 条
[2026-05-31 04:35:04] 
[24/188] 北京住建委
[2026-05-31 04:35:04]   爬取: 北京住建委 (https://zjw.beijing.gov.cn)
[2026-05-31 04:35:04]     找到 4 条标讯
[2026-05-31 04:35:04]     近一个月: 4 条
[2026-05-31 04:35:11] 
[25/188] 北京交通委
[2026-05-31 04:35:11]   爬取: 北京交通委 (https://jtw.beijing.gov.cn)
[2026-05-31 04:35:11]     找到 1 条标讯
[2026-05-31 04:35:11]     近一个月: 1 条
[2026-05-31 04:35:14] 
[26/188] 北京水务局
[2026-05-31 04:35:14]   爬取: 北京水务局 (https://swj.beijing.gov.cn)
[2026-05-31 04:35:15]     找到 8 条标讯
[2026-05-31 04:35:15]     近一个月: 8 条
[2026-05-31 04:35:26] 
[27/188] 北京教委
[2026-05-31 04:35:26]   爬取: 北京教委 (https://jw.beijing.gov.cn)
[2026-05-31 04:35:27]     找到 1 条标讯
[2026-05-31 04:35:27]     近一个月: 1 条
[2026-05-31 04:35:30] 
[28/188] 北京农业农村局
[2026-05-31 04:35:30]   爬取: 北京农业农村局 (https://nyncj.beijing.gov.cn)
[2026-05-31 04:35:30]     找到 5 条标讯
[2026-05-31 04:35:30]     近一个月: 5 条
[2026-05-31 04:35:38] 
[29/188] 北京生态环境局
[2026-05-31 04:35:38]   爬取: 北京生态环境局 (https://sthjj.beijing.gov.cn)
[2026-05-31 04:35:39]     找到 4 条标讯
[2026-05-31 04:35:39]     近一个月: 4 条
[2026-05-31 04:35:46] 
[30/188] 北京文旅局
[2026-05-31 04:35:46]   爬取: 北京文旅局 (https://whlyj.beijing.gov.cn)
[2026-05-31 04:35:46]     找到 3 条标讯
[2026-05-31 04:35:46]     近一个月: 3 条
[2026-05-31 04:35:52] 
[31/188] 中国政府采购网河北站
[2026-05-31 04:35:52]   爬取: 中国政府采购网河北站 (https://www.ccgp-hebei.gov.cn)
[2026-05-31 04:35:52]     ✗ 无法访问
[2026-05-31 04:35:54] 
[32/188] 河北农业农村厅
[2026-05-31 04:35:54]   爬取: 河北农业农村厅 (https://nync.hebei.gov.cn)
[2026-05-31 04:35:55]     找到 21 条标讯
[2026-05-31 04:35:55]     近一个月: 19 条
[2026-05-31 04:36:20] 
[33/188] 河北自然资源厅
[2026-05-31 04:36:20]   爬取: 河北自然资源厅 (https://zrzy.hebei.gov.cn)
[2026-05-31 04:36:21]     找到 10 条标讯
[2026-05-31 04:36:21]     近一个月: 10 条
[2026-05-31 04:36:35] 
[34/188] 中国政府采购网山西站
[2026-05-31 04:36:35]   爬取: 中国政府采购网山西站 (https://www.ccgp-shanxi.gov.cn)
[2026-05-31 04:36:36]     ✗ 未找到标讯
[2026-05-31 04:36:38] 
[35/188] 山西住建厅
[2026-05-31 04:36:38]   爬取: 山西住建厅 (https://zjt.shanxi.gov.cn)
[2026-05-31 04:36:38]     找到 6 条标讯
[2026-05-31 04:36:38]     近一个月: 6 条
[2026-05-31 04:36:49] 
[36/188] 山西水利厅
[2026-05-31 04:36:49]   爬取: 山西水利厅 (https://slt.shanxi.gov.cn)
[2026-05-31 04:36:50]     找到 8 条标讯
[2026-05-31 04:36:50]     近一个月: 6 条
[2026-05-31 04:37:01] 
[37/188] 山西教育厅
[2026-05-31 04:37:01]   爬取: 山西教育厅 (https://jyt.shanxi.gov.cn)
[2026-05-31 04:37:02]     找到 5 条标讯
[2026-05-31 04:37:02]     近一个月: 5 条
[2026-05-31 04:37:11] 
[38/188] 山西卫健委
[2026-05-31 04:37:11]   爬取: 山西卫健委 (https://wjw.shanxi.gov.cn)
[2026-05-31 04:37:12]     找到 17 条标讯
[2026-05-31 04:37:12]     近一个月: 17 条
[2026-05-31 04:37:36] 
[39/188] 山西文旅厅
[2026-05-31 04:37:36]   爬取: 山西文旅厅 (https://wlt.shanxi.gov.cn)
[2026-05-31 04:37:37]     找到 3 条标讯
[2026-05-31 04:37:37]     近一个月: 3 条
[2026-05-31 04:37:43] 
[40/188] 内蒙古公共资源交易中心
[2026-05-31 04:37:43]   爬取: 内蒙古公共资源交易中心 (https://ggzyjy.nmg.gov.cn)
[2026-05-31 04:37:44]     找到 27 条标讯
[2026-05-31 04:37:44]     近一个月: 24 条
[2026-05-31 04:38:31] 
[41/188] 内蒙古住建厅
[2026-05-31 04:38:31]   爬取: 内蒙古住建厅 (https://zjt.nmg.gov.cn)
[2026-05-31 04:38:32]     找到 2 条标讯
[2026-05-31 04:38:32]     近一个月: 2 条
[2026-05-31 04:38:37] 
[42/188] 内蒙古水利厅
[2026-05-31 04:38:37]   爬取: 内蒙古水利厅 (https://slt.nmg.gov.cn)
[2026-05-31 04:38:37]     找到 3 条标讯
[2026-05-31 04:38:37]     近一个月: 3 条
[2026-05-31 04:38:44] 
[43/188] 内蒙古教育厅
[2026-05-31 04:38:44]   爬取: 内蒙古教育厅 (https://jyt.nmg.gov.cn)
[2026-05-31 04:38:44]     找到 2 条标讯
[2026-05-31 04:38:44]     近一个月: 2 条
[2026-05-31 04:38:50] 
[44/188] 内蒙古卫健委
[2026-05-31 04:38:50]   爬取: 内蒙古卫健委 (https://wjw.nmg.gov.cn)
[2026-05-31 04:38:50]     找到 2 条标讯
[2026-05-31 04:38:50]     近一个月: 2 条
[2026-05-31 04:38:51] 
[41/188] 内蒙古住建厅
[2026-05-31 04:38:51]   爬取: 内蒙古住建厅 (https://zjt.nmg.gov.cn)
[2026-05-31 04:38:52]     找到 2 条标讯
[2026-05-31 04:38:52]     近一个月: 2 条
[2026-05-31 04:38:56] 
[45/188] 内蒙古自然资源厅
[2026-05-31 04:38:56]   爬取: 内蒙古自然资源厅 (https://zrzy.nmg.gov.cn)
[2026-05-31 04:38:58] 
[42/188] 内蒙古水利厅
[2026-05-31 04:38:58]   爬取: 内蒙古水利厅 (https://slt.nmg.gov.cn)
[2026-05-31 04:38:58]     找到 9 条标讯
[2026-05-31 04:38:58]     近一个月: 5 条
[2026-05-31 04:38:59]     找到 3 条标讯
[2026-05-31 04:38:59]     近一个月: 3 条
[2026-05-31 04:39:06] 
[43/188] 内蒙古教育厅
[2026-05-31 04:39:06]   爬取: 内蒙古教育厅 (https://jyt.nmg.gov.cn)
[2026-05-31 04:39:07]     找到 2 条标讯
[2026-05-31 04:39:07]     近一个月: 2 条
[2026-05-31 04:39:10] 
[46/188] 内蒙古文旅厅
[2026-05-31 04:39:10]   爬取: 内蒙古文旅厅 (https://wlt.nmg.gov.cn)
[2026-05-31 04:39:12]     找到 3 条标讯
[2026-05-31 04:39:12]     近一个月: 2 条
[2026-05-31 04:39:14] 
[44/188] 内蒙古卫健委
[2026-05-31 04:39:14]   爬取: 内蒙古卫健委 (https://wjw.nmg.gov.cn)
[2026-05-31 04:39:15]     找到 2 条标讯
[2026-05-31 04:39:15]     近一个月: 2 条
[2026-05-31 04:39:17] 
[47/188] 辽宁住建厅
[2026-05-31 04:39:17]   爬取: 辽宁住建厅 (https://zjt.ln.gov.cn)
[2026-05-31 04:39:19]     找到 9 条标讯
[2026-05-31 04:39:19]     近一个月: 8 条
[2026-05-31 04:39:20] 
[45/188] 内蒙古自然资源厅
[2026-05-31 04:39:20]   爬取: 内蒙古自然资源厅 (https://zrzy.nmg.gov.cn)
[2026-05-31 04:39:21]     找到 9 条标讯
[2026-05-31 04:39:21]     近一个月: 5 条
[2026-05-31 04:39:32] 
[46/188] 内蒙古文旅厅
[2026-05-31 04:39:32]   爬取: 内蒙古文旅厅 (https://wlt.nmg.gov.cn)
[2026-05-31 04:39:33]     找到 3 条标讯
[2026-05-31 04:39:33]     近一个月: 2 条
[2026-05-31 04:39:35] 
[48/188] 辽宁水利厅
[2026-05-31 04:39:35]   爬取: 辽宁水利厅 (https://slt.ln.gov.cn)
[2026-05-31 04:39:36]     找到 3 条标讯
[2026-05-31 04:39:36]     近一个月: 3 条
[2026-05-31 04:39:39] 
[47/188] 辽宁住建厅
[2026-05-31 04:39:39]   爬取: 辽宁住建厅 (https://zjt.ln.gov.cn)
[2026-05-31 04:39:40]     找到 9 条标讯
[2026-05-31 04:39:40]     近一个月: 8 条
[2026-05-31 04:39:42] 
[49/188] 辽宁教育厅
[2026-05-31 04:39:42]   爬取: 辽宁教育厅 (https://jyt.ln.gov.cn)
[2026-05-31 04:39:43]     找到 7 条标讯
[2026-05-31 04:39:43]     近一个月: 7 条
[2026-05-31 04:39:55] 
[50/188] 辽宁农业农村厅
[2026-05-31 04:39:55]   爬取: 辽宁农业农村厅 (https://nync.ln.gov.cn)
[2026-05-31 04:39:56]     找到 3 条标讯
[2026-05-31 04:39:56]     近一个月: 2 条
[2026-05-31 04:39:57] 
[48/188] 辽宁水利厅
[2026-05-31 04:39:57]   爬取: 辽宁水利厅 (https://slt.ln.gov.cn)
[2026-05-31 04:39:57]     找到 3 条标讯
[2026-05-31 04:39:57]     近一个月: 3 条
[2026-05-31 04:40:01] 
[51/188] 辽宁自然资源厅
[2026-05-31 04:40:01]   爬取: 辽宁自然资源厅 (https://zrzy.ln.gov.cn)
[2026-05-31 04:40:02]     找到 26 条标讯
[2026-05-31 04:40:02]     近一个月: 24 条
[2026-05-31 04:40:04] 
[49/188] 辽宁教育厅
[2026-05-31 04:40:04]   爬取: 辽宁教育厅 (https://jyt.ln.gov.cn)
[2026-05-31 04:40:04]     找到 7 条标讯
[2026-05-31 04:40:04]     近一个月: 7 条
[2026-05-31 04:40:17] 
[50/188] 辽宁农业农村厅
[2026-05-31 04:40:17]   爬取: 辽宁农业农村厅 (https://nync.ln.gov.cn)
[2026-05-31 04:40:17]     找到 3 条标讯
[2026-05-31 04:40:17]     近一个月: 2 条
[2026-05-31 04:40:19]       ✗ 错误: database is locked
[2026-05-31 04:40:22] 
[51/188] 辽宁自然资源厅
[2026-05-31 04:40:22]   爬取: 辽宁自然资源厅 (https://zrzy.ln.gov.cn)
[2026-05-31 04:40:23]     找到 26 条标讯
[2026-05-31 04:40:23]     近一个月: 24 条
[2026-05-31 04:40:29]       ✗ 错误: database is locked
[2026-05-31 04:40:40]       ✗ 错误: database is locked
[2026-05-31 04:40:46] 
[52/188] 辽宁生态环境厅
[2026-05-31 04:40:46]   爬取: 辽宁生态环境厅 (https://sthj.ln.gov.cn)
[2026-05-31 04:40:47]     找到 1 条标讯
[2026-05-31 04:40:47]     近一个月: 1 条
[2026-05-31 04:40:49]       ✗ 错误: database is locked
[2026-05-31 04:40:51] 
[53/188] 吉林教育厅
[2026-05-31 04:40:51]   爬取: 吉林教育厅 (https://jyt.jl.gov.cn)
[2026-05-31 04:40:52]     找到 3 条标讯
[2026-05-31 04:40:52]     近一个月: 3 条
[2026-05-31 04:40:59] 
[54/188] 吉林水利厅
[2026-05-31 04:40:59]   爬取: 吉林水利厅 (https://slt.jl.gov.cn)
[2026-05-31 04:41:00]     找到 1 条标讯
[2026-05-31 04:41:00]     近一个月: 1 条
[2026-05-31 04:41:04] 
[55/188] 吉林自然资源厅
[2026-05-31 04:41:04]   爬取: 吉林自然资源厅 (https://zrzy.jl.gov.cn)
[2026-05-31 04:41:06]     找到 9 条标讯
[2026-05-31 04:41:06]     近一个月: 9 条
[2026-05-31 04:41:06] 
[52/188] 辽宁生态环境厅
[2026-05-31 04:41:06]   爬取: 辽宁生态环境厅 (https://sthj.ln.gov.cn)
[2026-05-31 04:41:07]     找到 1 条标讯
[2026-05-31 04:41:07]     近一个月: 1 条
[2026-05-31 04:41:10] 
[53/188] 吉林教育厅
[2026-05-31 04:41:10]   爬取: 吉林教育厅 (https://jyt.jl.gov.cn)
[2026-05-31 04:41:11]     找到 3 条标讯
[2026-05-31 04:41:11]     近一个月: 3 条
[2026-05-31 04:41:19] 
[54/188] 吉林水利厅
[2026-05-31 04:41:19]   爬取: 吉林水利厅 (https://slt.jl.gov.cn)
[2026-05-31 04:41:20]     找到 1 条标讯
[2026-05-31 04:41:20]     近一个月: 1 条
[2026-05-31 04:41:24] 
[55/188] 吉林自然资源厅
[2026-05-31 04:41:24]   爬取: 吉林自然资源厅 (https://zrzy.jl.gov.cn)
[2026-05-31 04:41:25] 
[56/188] 黑龙江教育厅
[2026-05-31 04:41:25]   爬取: 黑龙江教育厅 (https://jyt.hlj.gov.cn)
[2026-05-31 04:41:25]     找到 9 条标讯
[2026-05-31 04:41:25]     近一个月: 9 条
[2026-05-31 04:41:26]     找到 3 条标讯
[2026-05-31 04:41:26]     近一个月: 3 条
[2026-05-31 04:41:33] 
[57/188] 黑龙江文旅厅
[2026-05-31 04:41:33]   爬取: 黑龙江文旅厅 (https://wlt.hlj.gov.cn)
[2026-05-31 04:41:33]     找到 11 条标讯
[2026-05-31 04:41:33]     近一个月: 6 条
[2026-05-31 04:41:45] 
[56/188] 黑龙江教育厅
[2026-05-31 04:41:45]   爬取: 黑龙江教育厅 (https://jyt.hlj.gov.cn)
[2026-05-31 04:41:46]     找到 3 条标讯
[2026-05-31 04:41:46]     近一个月: 3 条
[2026-05-31 04:41:53] 
[57/188] 黑龙江文旅厅
[2026-05-31 04:41:53]   爬取: 黑龙江文旅厅 (https://wlt.hlj.gov.cn)
[2026-05-31 04:41:53]     找到 11 条标讯
[2026-05-31 04:41:53]     近一个月: 6 条
[2026-05-31 04:42:00] 
[58/188] 上海公共资源交易中心
[2026-05-31 04:42:00]   爬取: 上海公共资源交易中心 (https://www.shggzy.com)
[2026-05-31 04:42:01]     ✗ 未找到标讯
[2026-05-31 04:42:03] 
[59/188] 中国政府采购网上海站
[2026-05-31 04:42:03]   爬取: 中国政府采购网上海站 (https://www.zfcg.sh.gov.cn)
[2026-05-31 04:42:03]     ✗ 未找到标讯
[2026-05-31 04:42:04] 
[58/188] 上海公共资源交易中心
[2026-05-31 04:42:04]   爬取: 上海公共资源交易中心 (https://www.shggzy.com)
[2026-05-31 04:42:05]     ✗ 未找到标讯
[2026-05-31 04:42:05] 
[60/188] 上海住建委
[2026-05-31 04:42:05]   爬取: 上海住建委 (https://zjw.sh.gov.cn)
[2026-05-31 04:42:06]     找到 2 条标讯
[2026-05-31 04:42:06]     近一个月: 2 条
[2026-05-31 04:42:07] 
[59/188] 中国政府采购网上海站
[2026-05-31 04:42:07]   爬取: 中国政府采购网上海站 (https://www.zfcg.sh.gov.cn)
[2026-05-31 04:42:07]     ✗ 未找到标讯
[2026-05-31 04:42:09] 
[60/188] 上海住建委
[2026-05-31 04:42:09]   爬取: 上海住建委 (https://zjw.sh.gov.cn)
[2026-05-31 04:42:09]     找到 2 条标讯
[2026-05-31 04:42:09]     近一个月: 2 条
[2026-05-31 04:42:10] 
[61/188] 上海交通委
[2026-05-31 04:42:10]   爬取: 上海交通委 (https://jtw.sh.gov.cn)
[2026-05-31 04:42:10]     ✗ 未找到标讯
[2026-05-31 04:42:12] 
[62/188] 上海水务局
[2026-05-31 04:42:12]   爬取: 上海水务局 (https://swj.sh.gov.cn)
[2026-05-31 04:42:13]     ✗ 未找到标讯
[2026-05-31 04:42:13] 
[61/188] 上海交通委
[2026-05-31 04:42:13]   爬取: 上海交通委 (https://jtw.sh.gov.cn)
[2026-05-31 04:42:13]     ✗ 未找到标讯
[2026-05-31 04:42:15] 
[63/188] 上海卫健委
[2026-05-31 04:42:15]   爬取: 上海卫健委 (https://wsjkw.sh.gov.cn)
[2026-05-31 04:42:15]     找到 1 条标讯
[2026-05-31 04:42:15]     近一个月: 1 条
[2026-05-31 04:42:15] 
[62/188] 上海水务局
[2026-05-31 04:42:15]   爬取: 上海水务局 (https://swj.sh.gov.cn)
[2026-05-31 04:42:16]     ✗ 未找到标讯
[2026-05-31 04:42:18] 
[63/188] 上海卫健委
[2026-05-31 04:42:18]   爬取: 上海卫健委 (https://wsjkw.sh.gov.cn)
[2026-05-31 04:42:18]     找到 1 条标讯
[2026-05-31 04:42:18]     近一个月: 1 条
[2026-05-31 04:42:18] 
[64/188] 上海农业农村委
[2026-05-31 04:42:18]   爬取: 上海农业农村委 (https://nyncw.sh.gov.cn)
[2026-05-31 04:42:18]     ✗ 未找到标讯
[2026-05-31 04:42:20] 
[65/188] 上海规划资源局
[2026-05-31 04:42:20]   爬取: 上海规划资源局 (https://ghzyj.sh.gov.cn)
[2026-05-31 04:42:21]     ✗ 未找到标讯
[2026-05-31 04:42:21] 
[64/188] 上海农业农村委
[2026-05-31 04:42:21]   爬取: 上海农业农村委 (https://nyncw.sh.gov.cn)
[2026-05-31 04:42:21]     ✗ 未找到标讯
[2026-05-31 04:42:23] 
[66/188] 上海文旅局
[2026-05-31 04:42:23]   爬取: 上海文旅局 (https://whlyj.sh.gov.cn)
[2026-05-31 04:42:23]     找到 1 条标讯
[2026-05-31 04:42:23]     近一个月: 1 条
[2026-05-31 04:42:23] 
[65/188] 上海规划资源局
[2026-05-31 04:42:23]   爬取: 上海规划资源局 (https://ghzyj.sh.gov.cn)
[2026-05-31 04:42:24]     ✗ 未找到标讯
[2026-05-31 04:42:26] 
[66/188] 上海文旅局
[2026-05-31 04:42:26]   爬取: 上海文旅局 (https://whlyj.sh.gov.cn)
[2026-05-31 04:42:26]     找到 1 条标讯
[2026-05-31 04:42:26]     近一个月: 1 条
[2026-05-31 04:42:26] 
[67/188] 江苏教育厅
[2026-05-31 04:42:26]   爬取: 江苏教育厅 (https://jyt.jiangsu.gov.cn)
[2026-05-31 04:42:26]     找到 2 条标讯
[2026-05-31 04:42:26]     近一个月: 2 条
[2026-05-31 04:42:29] 
[67/188] 江苏教育厅
[2026-05-31 04:42:29]   爬取: 江苏教育厅 (https://jyt.jiangsu.gov.cn)
[2026-05-31 04:42:29]     找到 2 条标讯
[2026-05-31 04:42:29]     近一个月: 2 条
[2026-05-31 04:42:31] 
[68/188] 江苏卫健委
[2026-05-31 04:42:31]   爬取: 江苏卫健委 (https://wjw.jiangsu.gov.cn)
[2026-05-31 04:42:31]     找到 4 条标讯
[2026-05-31 04:42:31]     近一个月: 4 条
[2026-05-31 04:42:34] 
[68/188] 江苏卫健委
[2026-05-31 04:42:34]   爬取: 江苏卫健委 (https://wjw.jiangsu.gov.cn)
[2026-05-31 04:42:34]     找到 4 条标讯
[2026-05-31 04:42:34]     近一个月: 4 条
[2026-05-31 04:42:38] 
[69/188] 江苏自然资源厅
[2026-05-31 04:42:38]   爬取: 江苏自然资源厅 (https://zrzy.jiangsu.gov.cn)
[2026-05-31 04:42:38]     ✗ 未找到标讯
[2026-05-31 04:42:40] 
[70/188] 浙江公共资源交易中心
[2026-05-31 04:42:40]   爬取: 浙江公共资源交易中心 (https://ggzy.zj.gov.cn)
[2026-05-31 04:42:41]     找到 54 条标讯
[2026-05-31 04:42:41]     近一个月: 39 条
[2026-05-31 04:42:41] 
[69/188] 江苏自然资源厅
[2026-05-31 04:42:41]   爬取: 江苏自然资源厅 (https://zrzy.jiangsu.gov.cn)
[2026-05-31 04:42:41]     ✗ 未找到标讯
[2026-05-31 04:42:43] 
[70/188] 浙江公共资源交易中心
[2026-05-31 04:42:43]   爬取: 浙江公共资源交易中心 (https://ggzy.zj.gov.cn)
[2026-05-31 04:42:43]     找到 54 条标讯
[2026-05-31 04:42:43]     近一个月: 39 条
[2026-05-31 04:42:51]       ✗ 错误: database is locked
[2026-05-31 04:42:54]       ✗ 错误: database is locked
[2026-05-31 04:43:27] 
[71/188] 浙江政府采购网
[2026-05-31 04:43:27]   爬取: 浙江政府采购网 (https://www.ccgp-zhejiang.gov.cn)
[2026-05-31 04:43:28]     ✗ 未找到标讯
[2026-05-31 04:43:30] 
[72/188] 浙江水利厅
[2026-05-31 04:43:30]   爬取: 浙江水利厅 (https://slt.zj.gov.cn)
[2026-05-31 04:43:30]     找到 17 条标讯
[2026-05-31 04:43:30]     近一个月: 9 条
[2026-05-31 04:43:31] 
[71/188] 浙江政府采购网
[2026-05-31 04:43:31]   爬取: 浙江政府采购网 (https://www.ccgp-zhejiang.gov.cn)
[2026-05-31 04:43:31]     ✗ 未找到标讯
[2026-05-31 04:43:33] 
[72/188] 浙江水利厅
[2026-05-31 04:43:33]   爬取: 浙江水利厅 (https://slt.zj.gov.cn)
[2026-05-31 04:43:34]     找到 17 条标讯
[2026-05-31 04:43:34]     近一个月: 9 条
[2026-05-31 04:43:43] 
[73/188] 浙江教育厅
[2026-05-31 04:43:43]   爬取: 浙江教育厅 (https://jyt.zj.gov.cn)
[2026-05-31 04:43:43]     找到 7 条标讯
[2026-05-31 04:43:43]     近一个月: 1 条
[2026-05-31 04:36:40]       ✓ 水利工程质量检测单位乙级资质认定（变更）申请表...
[2026-05-31 04:36:41]     保存 3 条
[2026-05-31 04:36:43] 
[37/188] 山西教育厅
[2026-05-31 04:36:43]   爬取: 山西教育厅 (https://jyt.shanxi.gov.cn)
[2026-05-31 04:36:44]     找到 5 条标讯
[2026-05-31 04:36:44]     近一个月: 5 条
[2026-05-31 04:36:53] 
[38/188] 山西卫健委
[2026-05-31 04:36:53]   爬取: 山西卫健委 (https://wjw.shanxi.gov.cn)
[2026-05-31 04:36:54]     找到 17 条标讯
[2026-05-31 04:36:54]     近一个月: 17 条
[2026-05-31 04:37:19] 
[39/188] 山西文旅厅
[2026-05-31 04:37:19]   爬取: 山西文旅厅 (https://wlt.shanxi.gov.cn)
[2026-05-31 04:37:20]     找到 3 条标讯
[2026-05-31 04:37:20]     近一个月: 3 条
[2026-05-31 04:37:26] 
[40/188] 内蒙古公共资源交易中心
[2026-05-31 04:37:26]   爬取: 内蒙古公共资源交易中心 (https://ggzyjy.nmg.gov.cn)
[2026-05-31 04:37:28]     找到 27 条标讯
[2026-05-31 04:37:28]     近一个月: 24 条
[2026-05-31 04:38:31] 
[41/188] 内蒙古住建厅
[2026-05-31 04:38:31]   爬取: 内蒙古住建厅 (https://zjt.nmg.gov.cn)
[2026-05-31 04:38:32]     找到 2 条标讯
[2026-05-31 04:38:32]     近一个月: 2 条
[2026-05-31 04:38:37] 
[42/188] 内蒙古水利厅
[2026-05-31 04:38:37]   爬取: 内蒙古水利厅 (https://slt.nmg.gov.cn)
[2026-05-31 04:38:37]     找到 3 条标讯
[2026-05-31 04:38:37]     近一个月: 3 条
[2026-05-31 04:38:44] 
[43/188] 内蒙古教育厅
[2026-05-31 04:38:44]   爬取: 内蒙古教育厅 (https://jyt.nmg.gov.cn)
[2026-05-31 04:38:44]     找到 2 条标讯
[2026-05-31 04:38:44]     近一个月: 2 条
[2026-05-31 04:38:50] 
[44/188] 内蒙古卫健委
[2026-05-31 04:38:50]   爬取: 内蒙古卫健委 (https://wjw.nmg.gov.cn)
[2026-05-31 04:38:50]     找到 2 条标讯
[2026-05-31 04:38:50]     近一个月: 2 条
[2026-05-31 04:38:56] 
[45/188] 内蒙古自然资源厅
[2026-05-31 04:38:56]   爬取: 内蒙古自然资源厅 (https://zrzy.nmg.gov.cn)
[2026-05-31 04:38:58]     找到 9 条标讯
[2026-05-31 04:38:58]     近一个月: 5 条
[2026-05-31 04:39:10] 
[46/188] 内蒙古文旅厅
[2026-05-31 04:39:10]   爬取: 内蒙古文旅厅 (https://wlt.nmg.gov.cn)
[2026-05-31 04:39:12]     找到 3 条标讯
[2026-05-31 04:39:12]     近一个月: 2 条
[2026-05-31 04:39:17] 
[47/188] 辽宁住建厅
[2026-05-31 04:39:17]   爬取: 辽宁住建厅 (https://zjt.ln.gov.cn)
[2026-05-31 04:39:19]     找到 9 条标讯
[2026-05-31 04:39:19]     近一个月: 8 条
[2026-05-31 04:39:35] 
[48/188] 辽宁水利厅
[2026-05-31 04:39:35]   爬取: 辽宁水利厅 (https://slt.ln.gov.cn)
[2026-05-31 04:39:36]     找到 3 条标讯
[2026-05-31 04:39:36]     近一个月: 3 条
[2026-05-31 04:39:42] 
[49/188] 辽宁教育厅
[2026-05-31 04:39:42]   爬取: 辽宁教育厅 (https://jyt.ln.gov.cn)
[2026-05-31 04:39:43]     找到 7 条标讯
[2026-05-31 04:39:43]     近一个月: 7 条
[2026-05-31 04:39:55] 
[50/188] 辽宁农业农村厅
[2026-05-31 04:39:55]   爬取: 辽宁农业农村厅 (https://nync.ln.gov.cn)
[2026-05-31 04:39:56]     找到 3 条标讯
[2026-05-31 04:39:56]     近一个月: 2 条
[2026-05-31 04:40:01] 
[51/188] 辽宁自然资源厅
[2026-05-31 04:40:01]   爬取: 辽宁自然资源厅 (https://zrzy.ln.gov.cn)
[2026-05-31 04:40:02]     找到 26 条标讯
[2026-05-31 04:40:02]     近一个月: 24 条
[2026-05-31 04:40:19]       ✗ 错误: database is locked
[2026-05-31 04:40:29]       ✗ 错误: database is locked
[2026-05-31 04:40:46] 
[52/188] 辽宁生态环境厅
[2026-05-31 04:40:46]   爬取: 辽宁生态环境厅 (https://sthj.ln.gov.cn)
[2026-05-31 04:40:47]     找到 1 条标讯
[2026-05-31 04:40:47]     近一个月: 1 条
[2026-05-31 04:40:51] 
[53/188] 吉林教育厅
[2026-05-31 04:40:51]   爬取: 吉林教育厅 (https://jyt.jl.gov.cn)
[2026-05-31 04:40:52]     找到 3 条标讯
[2026-05-31 04:40:52]     近一个月: 3 条
[2026-05-31 04:40:59] 
[54/188] 吉林水利厅
[2026-05-31 04:40:59]   爬取: 吉林水利厅 (https://slt.jl.gov.cn)
[2026-05-31 04:41:00]     找到 1 条标讯
[2026-05-31 04:41:00]     近一个月: 1 条
[2026-05-31 04:41:04] 
[55/188] 吉林自然资源厅
[2026-05-31 04:41:04]   爬取: 吉林自然资源厅 (https://zrzy.jl.gov.cn)
[2026-05-31 04:41:06]     找到 9 条标讯
[2026-05-31 04:41:06]     近一个月: 9 条
[2026-05-31 04:41:25] 
[56/188] 黑龙江教育厅
[2026-05-31 04:41:25]   爬取: 黑龙江教育厅 (https://jyt.hlj.gov.cn)
[2026-05-31 04:41:26]     找到 3 条标讯
[2026-05-31 04:41:26]     近一个月: 3 条
[2026-05-31 04:41:33] 
[57/188] 黑龙江文旅厅
[2026-05-31 04:41:33]   爬取: 黑龙江文旅厅 (https://wlt.hlj.gov.cn)
[2026-05-31 04:41:33]     找到 11 条标讯
[2026-05-31 04:41:33]     近一个月: 6 条
[2026-05-31 04:42:00] 
[58/188] 上海公共资源交易中心
[2026-05-31 04:42:00]   爬取: 上海公共资源交易中心 (https://www.shggzy.com)
[2026-05-31 04:42:01]     ✗ 未找到标讯
[2026-05-31 04:42:03] 
[59/188] 中国政府采购网上海站
[2026-05-31 04:42:03]   爬取: 中国政府采购网上海站 (https://www.zfcg.sh.gov.cn)
[2026-05-31 04:42:03]     ✗ 未找到标讯
[2026-05-31 04:42:05] 
[60/188] 上海住建委
[2026-05-31 04:42:05]   爬取: 上海住建委 (https://zjw.sh.gov.cn)
[2026-05-31 04:42:06]     找到 2 条标讯
[2026-05-31 04:42:06]     近一个月: 2 条
[2026-05-31 04:42:10] 
[61/188] 上海交通委
[2026-05-31 04:42:10]   爬取: 上海交通委 (https://jtw.sh.gov.cn)
[2026-05-31 04:42:10]     ✗ 未找到标讯
[2026-05-31 04:42:12] 
[62/188] 上海水务局
[2026-05-31 04:42:12]   爬取: 上海水务局 (https://swj.sh.gov.cn)
[2026-05-31 04:42:13]     ✗ 未找到标讯
[2026-05-31 04:42:15] 
[63/188] 上海卫健委
[2026-05-31 04:42:15]   爬取: 上海卫健委 (https://wsjkw.sh.gov.cn)
[2026-05-31 04:42:15]     找到 1 条标讯
[2026-05-31 04:42:15]     近一个月: 1 条
[2026-05-31 04:42:18] 
[64/188] 上海农业农村委
[2026-05-31 04:42:18]   爬取: 上海农业农村委 (https://nyncw.sh.gov.cn)
[2026-05-31 04:42:18]     ✗ 未找到标讯
[2026-05-31 04:42:20] 
[65/188] 上海规划资源局
[2026-05-31 04:42:20]   爬取: 上海规划资源局 (https://ghzyj.sh.gov.cn)
[2026-05-31 04:42:21]     ✗ 未找到标讯
[2026-05-31 04:42:23] 
[66/188] 上海文旅局
[2026-05-31 04:42:23]   爬取: 上海文旅局 (https://whlyj.sh.gov.cn)
[2026-05-31 04:42:23]     找到 1 条标讯
[2026-05-31 04:42:23]     近一个月: 1 条
[2026-05-31 04:42:26] 
[67/188] 江苏教育厅
[2026-05-31 04:42:26]   爬取: 江苏教育厅 (https://jyt.jiangsu.gov.cn)
[2026-05-31 04:42:26]     找到 2 条标讯
[2026-05-31 04:42:26]     近一个月: 2 条
[2026-05-31 04:42:31] 
[68/188] 江苏卫健委
[2026-05-31 04:42:31]   爬取: 江苏卫健委 (https://wjw.jiangsu.gov.cn)
[2026-05-31 04:42:31]     找到 4 条标讯
[2026-05-31 04:42:31]     近一个月: 4 条
[2026-05-31 04:42:38] 
[69/188] 江苏自然资源厅
[2026-05-31 04:42:38]   爬取: 江苏自然资源厅 (https://zrzy.jiangsu.gov.cn)
[2026-05-31 04:42:38]     ✗ 未找到标讯
[2026-05-31 04:42:40] 
[70/188] 浙江公共资源交易中心
[2026-05-31 04:42:40]   爬取: 浙江公共资源交易中心 (https://ggzy.zj.gov.cn)
[2026-05-31 04:42:41]     找到 54 条标讯
[2026-05-31 04:42:41]     近一个月: 39 条
[2026-05-31 04:42:51]       ✗ 错误: database is locked
[2026-05-31 04:43:27] 
[71/188] 浙江政府采购网
[2026-05-31 04:43:27]   爬取: 浙江政府采购网 (https://www.ccgp-zhejiang.gov.cn)
[2026-05-31 04:43:28]     ✗ 未找到标讯
[2026-05-31 04:43:30] 
[72/188] 浙江水利厅
[2026-05-31 04:43:30]   爬取: 浙江水利厅 (https://slt.zj.gov.cn)
[2026-05-31 04:43:30]     找到 17 条标讯
[2026-05-31 04:43:30]     近一个月: 9 条
[2026-05-31 04:43:43] 
[73/188] 浙江教育厅
[2026-05-31 04:43:43]   爬取: 浙江教育厅 (https://jyt.zj.gov.cn)
[2026-05-31 04:43:43]     找到 7 条标讯
[2026-05-31 04:43:43]     近一个月: 1 条
[2026-05-31 04:43:46] 
[74/188] 安徽公共资源交易中心
[2026-05-31 04:43:46]   爬取: 安徽公共资源交易中心 (https://www.ahggzy.com)
[2026-05-31 04:43:47] 
[73/188] 浙江教育厅
[2026-05-31 04:43:47]   爬取: 浙江教育厅 (https://jyt.zj.gov.cn)
[2026-05-31 04:43:47]     找到 7 条标讯
[2026-05-31 04:43:47]     近一个月: 1 条
[2026-05-31 04:43:48]     ✗ 未找到标讯
[2026-05-31 04:43:50] 
[75/188] 中国政府采购网安徽站
[2026-05-31 04:43:50]   爬取: 中国政府采购网安徽站 (https://www.ccgp-anhui.gov.cn)
[2026-05-31 04:43:50] 
[74/188] 安徽公共资源交易中心
[2026-05-31 04:43:50]   爬取: 安徽公共资源交易中心 (https://www.ahggzy.com)
[2026-05-31 04:43:50]     ✗ 未找到标讯
[2026-05-31 04:43:51]     ✗ 未找到标讯
[2026-05-31 04:43:52] 
[76/188] 安徽交通厅
[2026-05-31 04:43:52]   爬取: 安徽交通厅 (https://jtt.ah.gov.cn)
[2026-05-31 04:43:53] 
[75/188] 中国政府采购网安徽站
[2026-05-31 04:43:53]   爬取: 中国政府采购网安徽站 (https://www.ccgp-anhui.gov.cn)
[2026-05-31 04:43:53]     找到 4 条标讯
[2026-05-31 04:43:53]     近一个月: 4 条
[2026-05-31 04:43:54]     ✗ 未找到标讯
[2026-05-31 04:43:56] 
[76/188] 安徽交通厅
[2026-05-31 04:43:56]   爬取: 安徽交通厅 (https://jtt.ah.gov.cn)
[2026-05-31 04:43:56]     找到 4 条标讯
[2026-05-31 04:43:56]     近一个月: 4 条
[2026-05-31 04:44:02] 
[77/188] 安徽水利厅
[2026-05-31 04:44:02]   爬取: 安徽水利厅 (https://slt.ah.gov.cn)
[2026-05-31 04:44:03]     找到 14 条标讯
[2026-05-31 04:44:03]     近一个月: 13 条
[2026-05-31 04:44:04] 
[77/188] 安徽水利厅
[2026-05-31 04:37:36]   爬取: 山西文旅厅 (https://wlt.shanxi.gov.cn)
[2026-05-31 04:37:37]     找到 3 条标讯
[2026-05-31 04:37:37]     近一个月: 3 条
[2026-05-31 04:37:43] 
[40/188] 内蒙古公共资源交易中心
[2026-05-31 04:37:43]   爬取: 内蒙古公共资源交易中心 (https://ggzyjy.nmg.gov.cn)
[2026-05-31 04:37:44]     找到 27 条标讯
[2026-05-31 04:37:44]     近一个月: 24 条
[2026-05-31 04:38:51] 
[41/188] 内蒙古住建厅
[2026-05-31 04:38:51]   爬取: 内蒙古住建厅 (https://zjt.nmg.gov.cn)
[2026-05-31 04:38:52]     找到 2 条标讯
[2026-05-31 04:38:52]     近一个月: 2 条
[2026-05-31 04:38:58] 
[42/188] 内蒙古水利厅
[2026-05-31 04:38:58]   爬取: 内蒙古水利厅 (https://slt.nmg.gov.cn)
[2026-05-31 04:38:59]     找到 3 条标讯
[2026-05-31 04:38:59]     近一个月: 3 条
[2026-05-31 04:39:06] 
[43/188] 内蒙古教育厅
[2026-05-31 04:39:06]   爬取: 内蒙古教育厅 (https://jyt.nmg.gov.cn)
[2026-05-31 04:39:07]     找到 2 条标讯
[2026-05-31 04:39:07]     近一个月: 2 条
[2026-05-31 04:39:14] 
[44/188] 内蒙古卫健委
[2026-05-31 04:39:14]   爬取: 内蒙古卫健委 (https://wjw.nmg.gov.cn)
[2026-05-31 04:39:15]     找到 2 条标讯
[2026-05-31 04:39:15]     近一个月: 2 条
[2026-05-31 04:39:20] 
[45/188] 内蒙古自然资源厅
[2026-05-31 04:39:20]   爬取: 内蒙古自然资源厅 (https://zrzy.nmg.gov.cn)
[2026-05-31 04:39:21]     找到 9 条标讯
[2026-05-31 04:39:21]     近一个月: 5 条
[2026-05-31 04:39:32] 
[46/188] 内蒙古文旅厅
[2026-05-31 04:39:32]   爬取: 内蒙古文旅厅 (https://wlt.nmg.gov.cn)
[2026-05-31 04:39:33]     找到 3 条标讯
[2026-05-31 04:39:33]     近一个月: 2 条
[2026-05-31 04:39:39] 
[47/188] 辽宁住建厅
[2026-05-31 04:39:39]   爬取: 辽宁住建厅 (https://zjt.ln.gov.cn)
[2026-05-31 04:39:40]     找到 9 条标讯
[2026-05-31 04:39:40]     近一个月: 8 条
[2026-05-31 04:39:57] 
[48/188] 辽宁水利厅
[2026-05-31 04:39:57]   爬取: 辽宁水利厅 (https://slt.ln.gov.cn)
[2026-05-31 04:39:57]     找到 3 条标讯
[2026-05-31 04:39:57]     近一个月: 3 条
[2026-05-31 04:40:04] 
[49/188] 辽宁教育厅
[2026-05-31 04:40:04]   爬取: 辽宁教育厅 (https://jyt.ln.gov.cn)
[2026-05-31 04:40:04]     找到 7 条标讯
[2026-05-31 04:40:04]     近一个月: 7 条
[2026-05-31 04:40:17] 
[50/188] 辽宁农业农村厅
[2026-05-31 04:40:17]   爬取: 辽宁农业农村厅 (https://nync.ln.gov.cn)
[2026-05-31 04:40:17]     找到 3 条标讯
[2026-05-31 04:40:17]     近一个月: 2 条
[2026-05-31 04:40:22] 
[51/188] 辽宁自然资源厅
[2026-05-31 04:40:22]   爬取: 辽宁自然资源厅 (https://zrzy.ln.gov.cn)
[2026-05-31 04:40:23]     找到 26 条标讯
[2026-05-31 04:40:23]     近一个月: 24 条
[2026-05-31 04:40:40]       ✗ 错误: database is locked
[2026-05-31 04:40:49]       ✗ 错误: database is locked
[2026-05-31 04:41:06] 
[52/188] 辽宁生态环境厅
[2026-05-31 04:41:06]   爬取: 辽宁生态环境厅 (https://sthj.ln.gov.cn)
[2026-05-31 04:41:07]     找到 1 条标讯
[2026-05-31 04:41:07]     近一个月: 1 条
[2026-05-31 04:41:10] 
[53/188] 吉林教育厅
[2026-05-31 04:41:10]   爬取: 吉林教育厅 (https://jyt.jl.gov.cn)
[2026-05-31 04:41:11]     找到 3 条标讯
[2026-05-31 04:41:11]     近一个月: 3 条
[2026-05-31 04:41:19] 
[54/188] 吉林水利厅
[2026-05-31 04:41:19]   爬取: 吉林水利厅 (https://slt.jl.gov.cn)
[2026-05-31 04:41:20]     找到 1 条标讯
[2026-05-31 04:41:20]     近一个月: 1 条
[2026-05-31 04:41:24] 
[55/188] 吉林自然资源厅
[2026-05-31 04:41:24]   爬取: 吉林自然资源厅 (https://zrzy.jl.gov.cn)
[2026-05-31 04:41:25]     找到 9 条标讯
[2026-05-31 04:41:25]     近一个月: 9 条
[2026-05-31 04:41:45] 
[56/188] 黑龙江教育厅
[2026-05-31 04:41:45]   爬取: 黑龙江教育厅 (https://jyt.hlj.gov.cn)
[2026-05-31 04:41:46]     找到 3 条标讯
[2026-05-31 04:41:46]     近一个月: 3 条
[2026-05-31 04:41:53] 
[57/188] 黑龙江文旅厅
[2026-05-31 04:41:53]   爬取: 黑龙江文旅厅 (https://wlt.hlj.gov.cn)
[2026-05-31 04:41:53]     找到 11 条标讯
[2026-05-31 04:41:53]     近一个月: 6 条
[2026-05-31 04:42:04] 
[58/188] 上海公共资源交易中心
[2026-05-31 04:42:04]   爬取: 上海公共资源交易中心 (https://www.shggzy.com)
[2026-05-31 04:42:05]     ✗ 未找到标讯
[2026-05-31 04:42:07] 
[59/188] 中国政府采购网上海站
[2026-05-31 04:42:07]   爬取: 中国政府采购网上海站 (https://www.zfcg.sh.gov.cn)
[2026-05-31 04:42:07]     ✗ 未找到标讯
[2026-05-31 04:42:09] 
[60/188] 上海住建委
[2026-05-31 04:42:09]   爬取: 上海住建委 (https://zjw.sh.gov.cn)
[2026-05-31 04:42:09]     找到 2 条标讯
[2026-05-31 04:42:09]     近一个月: 2 条
[2026-05-31 04:42:13] 
[61/188] 上海交通委
[2026-05-31 04:42:13]   爬取: 上海交通委 (https://jtw.sh.gov.cn)
[2026-05-31 04:42:13]     ✗ 未找到标讯
[2026-05-31 04:42:15] 
[62/188] 上海水务局
[2026-05-31 04:42:15]   爬取: 上海水务局 (https://swj.sh.gov.cn)
[2026-05-31 04:42:16]     ✗ 未找到标讯
[2026-05-31 04:42:18] 
[63/188] 上海卫健委
[2026-05-31 04:42:18]   爬取: 上海卫健委 (https://wsjkw.sh.gov.cn)
[2026-05-31 04:42:18]     找到 1 条标讯
[2026-05-31 04:42:18]     近一个月: 1 条
[2026-05-31 04:42:21] 
[64/188] 上海农业农村委
[2026-05-31 04:42:21]   爬取: 上海农业农村委 (https://nyncw.sh.gov.cn)
[2026-05-31 04:42:21]     ✗ 未找到标讯
[2026-05-31 04:42:23] 
[65/188] 上海规划资源局
[2026-05-31 04:42:23]   爬取: 上海规划资源局 (https://ghzyj.sh.gov.cn)
[2026-05-31 04:42:24]     ✗ 未找到标讯
[2026-05-31 04:42:26] 
[66/188] 上海文旅局
[2026-05-31 04:42:26]   爬取: 上海文旅局 (https://whlyj.sh.gov.cn)
[2026-05-31 04:42:26]     找到 1 条标讯
[2026-05-31 04:42:26]     近一个月: 1 条
[2026-05-31 04:42:29] 
[67/188] 江苏教育厅
[2026-05-31 04:42:29]   爬取: 江苏教育厅 (https://jyt.jiangsu.gov.cn)
[2026-05-31 04:42:29]     找到 2 条标讯
[2026-05-31 04:42:29]     近一个月: 2 条
[2026-05-31 04:42:34] 
[68/188] 江苏卫健委
[2026-05-31 04:42:34]   爬取: 江苏卫健委 (https://wjw.jiangsu.gov.cn)
[2026-05-31 04:42:34]     找到 4 条标讯
[2026-05-31 04:42:34]     近一个月: 4 条
[2026-05-31 04:42:41] 
[69/188] 江苏自然资源厅
[2026-05-31 04:42:41]   爬取: 江苏自然资源厅 (https://zrzy.jiangsu.gov.cn)
[2026-05-31 04:42:41]     ✗ 未找到标讯
[2026-05-31 04:42:43] 
[70/188] 浙江公共资源交易中心
[2026-05-31 04:42:43]   爬取: 浙江公共资源交易中心 (https://ggzy.zj.gov.cn)
[2026-05-31 04:42:43]     找到 54 条标讯
[2026-05-31 04:42:43]     近一个月: 39 条
[2026-05-31 04:42:54]       ✗ 错误: database is locked
[2026-05-31 04:43:31] 
[71/188] 浙江政府采购网
[2026-05-31 04:43:31]   爬取: 浙江政府采购网 (https://www.ccgp-zhejiang.gov.cn)
[2026-05-31 04:43:31]     ✗ 未找到标讯
[2026-05-31 04:43:33] 
[72/188] 浙江水利厅
[2026-05-31 04:43:33]   爬取: 浙江水利厅 (https://slt.zj.gov.cn)
[2026-05-31 04:43:34]     找到 17 条标讯
[2026-05-31 04:43:34]     近一个月: 9 条
[2026-05-31 04:43:47] 
[73/188] 浙江教育厅
[2026-05-31 04:43:47]   爬取: 浙江教育厅 (https://jyt.zj.gov.cn)
[2026-05-31 04:43:47]     找到 7 条标讯
[2026-05-31 04:43:47]     近一个月: 1 条
[2026-05-31 04:43:50] 
[74/188] 安徽公共资源交易中心
[2026-05-31 04:43:50]   爬取: 安徽公共资源交易中心 (https://www.ahggzy.com)
[2026-05-31 04:43:51]     ✗ 未找到标讯
[2026-05-31 04:43:53] 
[75/188] 中国政府采购网安徽站
[2026-05-31 04:43:53]   爬取: 中国政府采购网安徽站 (https://www.ccgp-anhui.gov.cn)
[2026-05-31 04:43:54]     ✗ 未找到标讯
[2026-05-31 04:43:56] 
[76/188] 安徽交通厅
[2026-05-31 04:43:56]   爬取: 安徽交通厅 (https://jtt.ah.gov.cn)
[2026-05-31 04:43:56]     找到 4 条标讯
[2026-05-31 04:43:56]     近一个月: 4 条
[2026-05-31 04:44:04] 
[77/188] 安徽水利厅
[2026-05-31 04:44:04]   爬取: 安徽水利厅 (https://slt.ah.gov.cn)
[2026-05-31 04:44:05]     找到 14 条标讯
[2026-05-31 04:44:05]     近一个月: 13 条
[2026-05-31 04:44:23]       ✗ 错误: database is locked
[2026-05-31 04:44:23]       ✗ 错误: database is locked
[2026-05-31 04:44:23]       ✗ 错误: database is locked
[2026-05-31 04:44:25]       ✗ 错误: database is locked
[2026-05-31 04:44:25] 
[78/188] 安徽教育厅
[2026-05-31 04:44:25]   爬取: 安徽教育厅 (https://jyt.ah.gov.cn)
[2026-05-31 04:44:25]       ✗ 错误: database is locked
[2026-05-31 04:44:25]       ✗ 错误: database is locked
[2026-05-31 04:44:27]     找到 16 条标讯
[2026-05-31 04:44:27]     近一个月: 16 条
[2026-05-31 04:44:27] 
[78/188] 安徽教育厅
[2026-05-31 04:44:27]   爬取: 安徽教育厅 (https://jyt.ah.gov.cn)
[2026-05-31 04:44:29]     找到 16 条标讯
[2026-05-31 04:44:29]     近一个月: 16 条
[2026-05-31 04:44:55] 
[79/188] 安徽卫健委
[2026-05-31 04:44:55]   爬取: 安徽卫健委 (https://wjw.ah.gov.cn)
[2026-05-31 04:44:56]     找到 11 条标讯
[2026-05-31 04:44:56]     近一个月: 8 条
[2026-05-31 04:44:57] 
[79/188] 安徽卫健委
[2026-05-31 04:44:57]   爬取: 安徽卫健委 (https://wjw.ah.gov.cn)
[2026-05-31 04:44:57]     找到 11 条标讯
[2026-05-31 04:44:57]     近一个月: 8 条
[2026-05-31 04:45:00]       ✗ 错误: database is locked
[2026-05-31 04:45:01]       ✗ 错误: database is locked
[2026-05-31 04:45:01]       ✗ 错误: database is locked
[2026-05-31 04:45:02]       ✗ 错误: database is locked
[2026-05-31 04:45:03]       ✗ 错误: database is locked
[2026-05-31 04:45:03]       ✗ 错误: database is locked
[2026-05-31 04:45:07] 
[80/188] 安徽农业农村厅
[2026-05-31 04:45:07]   爬取: 安徽农业农村厅 (https://nync.ah.gov.cn)
[2026-05-31 04:45:07]     找到 7 条标讯
[2026-05-31 04:45:07]     近一个月: 7 条
[2026-05-31 04:45:08] 
[80/188] 安徽农业农村厅
[2026-05-31 04:45:08]   爬取: 安徽农业农村厅 (https://nync.ah.gov.cn)
[2026-05-31 04:45:09]     找到 7 条标讯
[2026-05-31 04:45:09]     近一个月: 7 条
[2026-05-31 04:45:19] 
[81/188] 中国政府采购网福建站
[2026-05-31 04:45:19]   爬取: 中国政府采购网福建站 (https://www.ccgp-fujian.gov.cn)
[2026-05-31 04:45:19]     ✗ 未找到标讯
[2026-05-31 04:45:19] 
[81/188] 中国政府采购网福建站
[2026-05-31 04:45:19]   爬取: 中国政府采购网福建站 (https://www.ccgp-fujian.gov.cn)
[2026-05-31 04:45:20]     ✗ 未找到标讯
[2026-05-31 04:45:21] 
[82/188] 福建住建厅
[2026-05-31 04:45:21]   爬取: 福建住建厅 (https://zjt.fujian.gov.cn)
[2026-05-31 04:45:22] 
[82/188] 福建住建厅
[2026-05-31 04:45:22]   爬取: 福建住建厅 (https://zjt.fujian.gov.cn)
[2026-05-31 04:45:22]     找到 4 条标讯
[2026-05-31 04:45:22]     近一个月: 4 条
[2026-05-31 04:45:23]     找到 4 条标讯
[2026-05-31 04:45:23]     近一个月: 4 条
[2026-05-31 04:45:31] 
[83/188] 福建水利厅
[2026-05-31 04:45:31]   爬取: 福建水利厅 (https://slt.fujian.gov.cn)
[2026-05-31 04:45:32]     找到 11 条标讯
[2026-05-31 04:45:32]     近一个月: 11 条
[2026-05-31 04:45:33] 
[83/188] 福建水利厅
[2026-05-31 04:45:33]   爬取: 福建水利厅 (https://slt.fujian.gov.cn)
[2026-05-31 04:45:34]     找到 11 条标讯
[2026-05-31 04:45:34]     近一个月: 11 条
[2026-05-31 04:45:52] 
[84/188] 福建教育厅
[2026-05-31 04:45:52]   爬取: 福建教育厅 (https://jyt.fujian.gov.cn)
[2026-05-31 04:45:53]     找到 4 条标讯
[2026-05-31 04:45:53]     近一个月: 3 条
[2026-05-31 04:45:53] 
[84/188] 福建教育厅
[2026-05-31 04:45:53]   爬取: 福建教育厅 (https://jyt.fujian.gov.cn)
[2026-05-31 04:45:54]     找到 4 条标讯
[2026-05-31 04:45:54]     近一个月: 3 条
[2026-05-31 04:46:00] 
[85/188] 福建卫健委
[2026-05-31 04:46:00]   爬取: 福建卫健委 (https://wjw.fujian.gov.cn)
[2026-05-31 04:46:00] 
[85/188] 福建卫健委
[2026-05-31 04:46:00]   爬取: 福建卫健委 (https://wjw.fujian.gov.cn)
[2026-05-31 04:46:01]     找到 4 条标讯
[2026-05-31 04:46:01]     近一个月: 4 条
[2026-05-31 04:46:01]     找到 4 条标讯
[2026-05-31 04:46:01]     近一个月: 4 条
[2026-05-31 04:46:10] 
[86/188] 福建文旅厅
[2026-05-31 04:46:10]   爬取: 福建文旅厅 (https://wlt.fujian.gov.cn)
[2026-05-31 04:46:11] 
[86/188] 福建文旅厅
[2026-05-31 04:46:11]   爬取: 福建文旅厅 (https://wlt.fujian.gov.cn)
[2026-05-31 04:46:11]     找到 7 条标讯
[2026-05-31 04:46:11]     近一个月: 7 条
[2026-05-31 04:46:11]     找到 7 条标讯
[2026-05-31 04:46:11]     近一个月: 7 条
[2026-05-31 04:46:24] 
[87/188] 河南公共资源交易中心
[2026-05-31 04:46:24]   爬取: 河南公共资源交易中心 (https://www.hnsggzy.com)
[2026-05-31 04:46:24]     ✗ 未找到标讯
[2026-05-31 04:46:24] 
[87/188] 河南公共资源交易中心
[2026-05-31 04:46:24]   爬取: 河南公共资源交易中心 (https://www.hnsggzy.com)
[2026-05-31 04:46:24]     ✗ 未找到标讯
[2026-05-31 04:46:26] 
[88/188] 河南水利厅
[2026-05-31 04:46:26]   爬取: 河南水利厅 (https://slt.henan.gov.cn)
[2026-05-31 04:46:26] 
[88/188] 河南水利厅
[2026-05-31 04:46:26]   爬取: 河南水利厅 (https://slt.henan.gov.cn)
[2026-05-31 04:46:26]     找到 2 条标讯
[2026-05-31 04:46:26]     近一个月: 2 条
[2026-05-31 04:46:27]     找到 2 条标讯
[2026-05-31 04:46:27]     近一个月: 2 条
[2026-05-31 04:46:31] 
[89/188] 河南教育厅
[2026-05-31 04:46:31]   爬取: 河南教育厅 (https://jyt.henan.gov.cn)
[2026-05-31 04:46:31] 
[89/188] 河南教育厅
[2026-05-31 04:46:31]   爬取: 河南教育厅 (https://jyt.henan.gov.cn)
[2026-05-31 04:46:31]     找到 4 条标讯
[2026-05-31 04:46:31]     近一个月: 4 条
[2026-05-31 04:46:31]     找到 4 条标讯
[2026-05-31 04:46:31]     近一个月: 4 条
[2026-05-31 04:46:39] 
[90/188] 中国政府采购网湖北站
[2026-05-31 04:46:39]   爬取: 中国政府采购网湖北站 (https://www.ccgp-hubei.gov.cn)
[2026-05-31 04:46:39] 
[90/188] 中国政府采购网湖北站
[2026-05-31 04:46:39]   爬取: 中国政府采购网湖北站 (https://www.ccgp-hubei.gov.cn)
[2026-05-31 04:46:39]     找到 139 条标讯
[2026-05-31 04:46:39]     近一个月: 122 条
[2026-05-31 04:46:39]     找到 139 条标讯
[2026-05-31 04:46:39]     近一个月: 122 条
[2026-05-31 04:47:51] 
[91/188] 湖北住建厅
[2026-05-31 04:47:51]   爬取: 湖北住建厅 (https://zjt.hubei.gov.cn)
[2026-05-31 04:47:51] 
[91/188] 湖北住建厅
[2026-05-31 04:47:51]   爬取: 湖北住建厅 (https://zjt.hubei.gov.cn)
[2026-05-31 04:47:52]     找到 19 条标讯
[2026-05-31 04:47:52]     近一个月: 17 条
[2026-05-31 04:47:52]     找到 19 条标讯
[2026-05-31 04:47:52]     近一个月: 17 条
[2026-05-31 04:48:15] 
[92/188] 湖北水利厅
[2026-05-31 04:48:15]   爬取: 湖北水利厅 (https://slt.hubei.gov.cn)
[2026-05-31 04:48:15] 
[92/188] 湖北水利厅
[2026-05-31 04:48:15]   爬取: 湖北水利厅 (https://slt.hubei.gov.cn)
[2026-05-31 04:48:15]     ✗ 未找到标讯
[2026-05-31 04:48:15]     ✗ 未找到标讯
[2026-05-31 04:48:17] 
[93/188] 湖北教育厅
[2026-05-31 04:48:17]   爬取: 湖北教育厅 (https://jyt.hubei.gov.cn)
[2026-05-31 04:48:17] 
[93/188] 湖北教育厅
[2026-05-31 04:48:17]   爬取: 湖北教育厅 (https://jyt.hubei.gov.cn)
[2026-05-31 04:48:18]     找到 3 条标讯
[2026-05-31 04:48:18]     近一个月: 2 条
[2026-05-31 04:48:18]     找到 3 条标讯
[2026-05-31 04:48:18]     近一个月: 2 条
[2026-05-31 04:48:23] 
[94/188] 湖北卫健委
[2026-05-31 04:48:23]   爬取: 湖北卫健委 (https://wjw.hubei.gov.cn)
[2026-05-31 04:48:23] 
[94/188] 湖北卫健委
[2026-05-31 04:48:23]   爬取: 湖北卫健委 (https://wjw.hubei.gov.cn)
[2026-05-31 04:48:23]     找到 5 条标讯
[2026-05-31 04:48:23]     近一个月: 5 条
[2026-05-31 04:48:23]     找到 5 条标讯
[2026-05-31 04:48:23]     近一个月: 5 条
[2026-05-31 04:48:32] 
[95/188] 湖北文旅厅
[2026-05-31 04:48:32]   爬取: 湖北文旅厅 (https://wlt.hubei.gov.cn)
[2026-05-31 04:48:32] 
[95/188] 湖北文旅厅
[2026-05-31 04:48:32]   爬取: 湖北文旅厅 (https://wlt.hubei.gov.cn)
[2026-05-31 04:48:32]     找到 6 条标讯
[2026-05-31 04:48:32]     近一个月: 3 条
[2026-05-31 04:48:32]     找到 6 条标讯
[2026-05-31 04:48:32]     近一个月: 3 条
[2026-05-31 04:48:38] 
[96/188] 湖南公共资源交易中心
[2026-05-31 04:48:38]   爬取: 湖南公共资源交易中心 (https://www.hnsggzy.com)
[2026-05-31 04:48:38] 
[96/188] 湖南公共资源交易中心
[2026-05-31 04:48:38]   爬取: 湖南公共资源交易中心 (https://www.hnsggzy.com)
[2026-05-31 04:48:38]     ✗ 未找到标讯
[2026-05-31 04:48:38]     ✗ 未找到标讯
[2026-05-31 04:48:40] 
[97/188] 中国政府采购网湖南站
[2026-05-31 04:48:40]   爬取: 中国政府采购网湖南站 (https://www.ccgp-hunan.gov.cn)
[2026-05-31 04:48:40] 
[97/188] 中国政府采购网湖南站
[2026-05-31 04:48:40]   爬取: 中国政府采购网湖南站 (https://www.ccgp-hunan.gov.cn)
[2026-05-31 04:49:10]     ✗ 未找到标讯
[2026-05-31 04:49:10]     ✗ 未找到标讯
[2026-05-31 04:49:12] 
[98/188] 湖南住建厅
[2026-05-31 04:49:12]   爬取: 湖南住建厅 (https://zjt.hunan.gov.cn)
[2026-05-31 04:49:12] 
[98/188] 湖南住建厅
[2026-05-31 04:49:12]   爬取: 湖南住建厅 (https://zjt.hunan.gov.cn)
[2026-05-31 04:49:13]     找到 5 条标讯
[2026-05-31 04:49:13]     近一个月: 5 条
[2026-05-31 04:49:13]     找到 5 条标讯
[2026-05-31 04:49:13]     近一个月: 5 条
[2026-05-31 04:49:25] 
[99/188] 湖南交通运输厅
[2026-05-31 04:49:25]   爬取: 湖南交通运输厅 (https://jtyst.hunan.gov.cn)
[2026-05-31 04:49:25] 
[99/188] 湖南交通运输厅
[2026-05-31 04:49:25]   爬取: 湖南交通运输厅 (https://jtyst.hunan.gov.cn)
[2026-05-31 04:49:25]     ✗ 无法访问
[2026-05-31 04:49:25]     ✗ 无法访问
[2026-05-31 04:49:27] 
[100/188] 湖南水利厅
[2026-05-31 04:49:27]   爬取: 湖南水利厅 (https://slt.hunan.gov.cn)
[2026-05-31 04:49:27] 
[100/188] 湖南水利厅
[2026-05-31 04:49:27]   爬取: 湖南水利厅 (https://slt.hunan.gov.cn)
[2026-05-31 04:49:27]     找到 14 条标讯
[2026-05-31 04:49:27]     近一个月: 11 条
[2026-05-31 04:49:27]     找到 14 条标讯
[2026-05-31 04:49:27]     近一个月: 11 条
[2026-05-31 04:49:43] 
[101/188] 湖南教育厅
[2026-05-31 04:49:43]   爬取: 湖南教育厅 (https://jyt.hunan.gov.cn)
[2026-05-31 04:49:43] 
[101/188] 湖南教育厅
[2026-05-31 04:49:43]   爬取: 湖南教育厅 (https://jyt.hunan.gov.cn)
[2026-05-31 04:49:44]     找到 3 条标讯
[2026-05-31 04:49:44]     近一个月: 3 条
[2026-05-31 04:49:44]     找到 3 条标讯
[2026-05-31 04:49:44]     近一个月: 3 条
[2026-05-31 04:49:50] 
[102/188] 湖南卫健委
[2026-05-31 04:49:50]   爬取: 湖南卫健委 (https://wjw.hunan.gov.cn)
[2026-05-31 04:49:50] 
[102/188] 湖南卫健委
[2026-05-31 04:49:50]   爬取: 湖南卫健委 (https://wjw.hunan.gov.cn)
[2026-05-31 04:49:50]     找到 2 条标讯
[2026-05-31 04:49:50]     近一个月: 1 条
[2026-05-31 04:49:50]     找到 2 条标讯
[2026-05-31 04:49:50]     近一个月: 1 条
[2026-05-31 04:49:53] 
[103/188] 湖南农业农村厅
[2026-05-31 04:49:53]   爬取: 湖南农业农村厅 (https://nynct.hunan.gov.cn)
[2026-05-31 04:49:53] 
[103/188] 湖南农业农村厅
[2026-05-31 04:49:53]   爬取: 湖南农业农村厅 (https://nynct.hunan.gov.cn)
[2026-05-31 04:49:53]     ✗ 无法访问
[2026-05-31 04:49:53]     ✗ 无法访问
[2026-05-31 04:49:55] 
[104/188] 湖南自然资源厅
[2026-05-31 04:49:55]   爬取: 湖南自然资源厅 (https://zrzyt.hunan.gov.cn)
[2026-05-31 04:49:55] 
[104/188] 湖南自然资源厅
[2026-05-31 04:49:55]   爬取: 湖南自然资源厅 (https://zrzyt.hunan.gov.cn)
[2026-05-31 04:49:56]     找到 5 条标讯
[2026-05-31 04:49:56]     近一个月: 5 条
[2026-05-31 04:49:56]     找到 5 条标讯
[2026-05-31 04:49:56]     近一个月: 5 条
[2026-05-31 04:50:06] 
[105/188] 湖南生态环境厅
[2026-05-31 04:50:06]   爬取: 湖南生态环境厅 (https://sthjt.hunan.gov.cn)
[2026-05-31 04:50:06] 
[105/188] 湖南生态环境厅
[2026-05-31 04:50:06]   爬取: 湖南生态环境厅 (https://sthjt.hunan.gov.cn)
[2026-05-31 04:50:06]     找到 5 条标讯
[2026-05-31 04:50:06]     近一个月: 4 条
[2026-05-31 04:50:06]     找到 5 条标讯
[2026-05-31 04:50:06]     近一个月: 4 条
[2026-05-31 04:50:12]       ✗ 错误: database is locked
[2026-05-31 04:50:12]       ✗ 错误: database is locked
[2026-05-31 04:50:14] 
[106/188] 湖南文旅厅
[2026-05-31 04:50:14]   爬取: 湖南文旅厅 (https://wlt.hunan.gov.cn)
[2026-05-31 04:50:14]     ✗ 无法访问
[2026-05-31 04:50:14] 
[106/188] 湖南文旅厅
[2026-05-31 04:50:14]   爬取: 湖南文旅厅 (https://wlt.hunan.gov.cn)
[2026-05-31 04:50:14]     ✗ 无法访问
[2026-05-31 04:50:16] 
[107/188] 中国政府采购网广东站
[2026-05-31 04:50:16]   爬取: 中国政府采购网广东站 (https://www.ccgp-guangdong.gov.cn)
[2026-05-31 04:50:16] 
[107/188] 中国政府采购网广东站
[2026-05-31 04:50:16]   爬取: 中国政府采购网广东站 (https://www.ccgp-guangdong.gov.cn)
[2026-05-31 04:50:17]     ✗ 未找到标讯
[2026-05-31 04:50:17]     ✗ 未找到标讯
[2026-05-31 04:50:19] 
[108/188] 广东公共资源交易中心
[2026-05-31 04:50:19]   爬取: 广东公共资源交易中心 (https://ggzy.gd.gov.cn)
[2026-05-31 04:50:19] 
[108/188] 广东公共资源交易中心
[2026-05-31 04:50:19]   爬取: 广东公共资源交易中心 (https://ggzy.gd.gov.cn)
[2026-05-31 04:50:19]     ✗ 无法访问
[2026-05-31 04:50:19]     ✗ 无法访问
[2026-05-31 04:50:21] 
[109/188] 广东住建厅
[2026-05-31 04:50:21]   爬取: 广东住建厅 (https://zfcjst.gd.gov.cn)
[2026-05-31 04:50:21] 
[109/188] 广东住建厅
[2026-05-31 04:50:21]   爬取: 广东住建厅 (https://zfcjst.gd.gov.cn)
[2026-05-31 04:50:21]     ✗ 无法访问
[2026-05-31 04:50:21]     ✗ 无法访问
[2026-05-31 04:50:23] 
[110/188] 广东交通运输厅
[2026-05-31 04:50:23] 
[110/188] 广东交通运输厅
[2026-05-31 04:50:23]   爬取: 广东交通运输厅 (https://jtyst.gd.gov.cn)
[2026-05-31 04:50:23]   爬取: 广东交通运输厅 (https://jtyst.gd.gov.cn)
[2026-05-31 04:50:23]     ✗ 无法访问
[2026-05-31 04:50:23]     ✗ 无法访问
[2026-05-31 04:50:25] 
[111/188] 广东水利厅
[2026-05-31 04:50:25]   爬取: 广东水利厅 (https://slt.gd.gov.cn)
[2026-05-31 04:50:25] 
[111/188] 广东水利厅
[2026-05-31 04:43:46] 
[74/188] 安徽公共资源交易中心
[2026-05-31 04:43:46]   爬取: 安徽公共资源交易中心 (https://www.ahggzy.com)
[2026-05-31 04:43:48]     ✗ 未找到标讯
[2026-05-31 04:43:50] 
[75/188] 中国政府采购网安徽站
[2026-05-31 04:43:50]   爬取: 中国政府采购网安徽站 (https://www.ccgp-anhui.gov.cn)
[2026-05-31 04:43:50]     ✗ 未找到标讯
[2026-05-31 04:43:52] 
[76/188] 安徽交通厅
[2026-05-31 04:43:52]   爬取: 安徽交通厅 (https://jtt.ah.gov.cn)
[2026-05-31 04:43:53]     找到 4 条标讯
[2026-05-31 04:43:53]     近一个月: 4 条
[2026-05-31 04:44:02] 
[77/188] 安徽水利厅
[2026-05-31 04:44:02]   爬取: 安徽水利厅 (https://slt.ah.gov.cn)
[2026-05-31 04:44:03]     找到 14 条标讯
[2026-05-31 04:44:03]     近一个月: 13 条
[2026-05-31 04:44:23]       ✗ 错误: database is locked
[2026-05-31 04:44:23]       ✗ 错误: database is locked
[2026-05-31 04:44:23]       ✗ 错误: database is locked
[2026-05-31 04:44:25] 
[78/188] 安徽教育厅
[2026-05-31 04:44:25]   爬取: 安徽教育厅 (https://jyt.ah.gov.cn)
[2026-05-31 04:44:27]     找到 16 条标讯
[2026-05-31 04:44:27]     近一个月: 16 条
[2026-05-31 04:44:55] 
[79/188] 安徽卫健委
[2026-05-31 04:44:55]   爬取: 安徽卫健委 (https://wjw.ah.gov.cn)
[2026-05-31 04:44:56]     找到 11 条标讯
[2026-05-31 04:44:56]     近一个月: 8 条
[2026-05-31 04:45:00]       ✗ 错误: database is locked
[2026-05-31 04:45:01]       ✗ 错误: database is locked
[2026-05-31 04:45:01]       ✗ 错误: database is locked
[2026-05-31 04:45:07] 
[80/188] 安徽农业农村厅
[2026-05-31 04:45:07]   爬取: 安徽农业农村厅 (https://nync.ah.gov.cn)
[2026-05-31 04:45:07]     找到 7 条标讯
[2026-05-31 04:45:07]     近一个月: 7 条
[2026-05-31 04:45:19] 
[81/188] 中国政府采购网福建站
[2026-05-31 04:45:19]   爬取: 中国政府采购网福建站 (https://www.ccgp-fujian.gov.cn)
[2026-05-31 04:45:19]     ✗ 未找到标讯
[2026-05-31 04:45:21] 
[82/188] 福建住建厅
[2026-05-31 04:45:21]   爬取: 福建住建厅 (https://zjt.fujian.gov.cn)
[2026-05-31 04:45:22]     找到 4 条标讯
[2026-05-31 04:45:22]     近一个月: 4 条
[2026-05-31 04:45:31] 
[83/188] 福建水利厅
[2026-05-31 04:45:31]   爬取: 福建水利厅 (https://slt.fujian.gov.cn)
[2026-05-31 04:45:32]     找到 11 条标讯
[2026-05-31 04:45:32]     近一个月: 11 条
[2026-05-31 04:45:52] 
[84/188] 福建教育厅
[2026-05-31 04:45:52]   爬取: 福建教育厅 (https://jyt.fujian.gov.cn)
[2026-05-31 04:45:53]     找到 4 条标讯
[2026-05-31 04:45:53]     近一个月: 3 条
[2026-05-31 04:46:00] 
[85/188] 福建卫健委
[2026-05-31 04:46:00]   爬取: 福建卫健委 (https://wjw.fujian.gov.cn)
[2026-05-31 04:46:01]     找到 4 条标讯
[2026-05-31 04:46:01]     近一个月: 4 条
[2026-05-31 04:46:10] 
[86/188] 福建文旅厅
[2026-05-31 04:46:10]   爬取: 福建文旅厅 (https://wlt.fujian.gov.cn)
[2026-05-31 04:46:11]     找到 7 条标讯
[2026-05-31 04:46:11]     近一个月: 7 条
[2026-05-31 04:46:24] 
[87/188] 河南公共资源交易中心
[2026-05-31 04:46:24]   爬取: 河南公共资源交易中心 (https://www.hnsggzy.com)
[2026-05-31 04:46:24]     ✗ 未找到标讯
[2026-05-31 04:46:26] 
[88/188] 河南水利厅
[2026-05-31 04:46:26]   爬取: 河南水利厅 (https://slt.henan.gov.cn)
[2026-05-31 04:46:26]     找到 2 条标讯
[2026-05-31 04:46:26]     近一个月: 2 条
[2026-05-31 04:46:31] 
[89/188] 河南教育厅
[2026-05-31 04:46:31]   爬取: 河南教育厅 (https://jyt.henan.gov.cn)
[2026-05-31 04:46:31]     找到 4 条标讯
[2026-05-31 04:46:31]     近一个月: 4 条
[2026-05-31 04:46:39] 
[90/188] 中国政府采购网湖北站
[2026-05-31 04:46:39]   爬取: 中国政府采购网湖北站 (https://www.ccgp-hubei.gov.cn)
[2026-05-31 04:46:39]     找到 139 条标讯
[2026-05-31 04:46:39]     近一个月: 122 条
[2026-05-31 04:47:51] 
[91/188] 湖北住建厅
[2026-05-31 04:47:51]   爬取: 湖北住建厅 (https://zjt.hubei.gov.cn)
[2026-05-31 04:47:52]     找到 19 条标讯
[2026-05-31 04:47:52]     近一个月: 17 条
[2026-05-31 04:48:15] 
[92/188] 湖北水利厅
[2026-05-31 04:48:15]   爬取: 湖北水利厅 (https://slt.hubei.gov.cn)
[2026-05-31 04:48:15]     ✗ 未找到标讯
[2026-05-31 04:48:17] 
[93/188] 湖北教育厅
[2026-05-31 04:48:17]   爬取: 湖北教育厅 (https://jyt.hubei.gov.cn)
[2026-05-31 04:48:18]     找到 3 条标讯
[2026-05-31 04:48:18]     近一个月: 2 条
[2026-05-31 04:48:23] 
[94/188] 湖北卫健委
[2026-05-31 04:48:23]   爬取: 湖北卫健委 (https://wjw.hubei.gov.cn)
[2026-05-31 04:48:23]     找到 5 条标讯
[2026-05-31 04:48:23]     近一个月: 5 条
[2026-05-31 04:48:32] 
[95/188] 湖北文旅厅
[2026-05-31 04:48:32]   爬取: 湖北文旅厅 (https://wlt.hubei.gov.cn)
[2026-05-31 04:48:32]     找到 6 条标讯
[2026-05-31 04:48:32]     近一个月: 3 条
[2026-05-31 04:48:38] 
[96/188] 湖南公共资源交易中心
[2026-05-31 04:48:38]   爬取: 湖南公共资源交易中心 (https://www.hnsggzy.com)
[2026-05-31 04:48:38]     ✗ 未找到标讯
[2026-05-31 04:48:40] 
[97/188] 中国政府采购网湖南站
[2026-05-31 04:48:40]   爬取: 中国政府采购网湖南站 (https://www.ccgp-hunan.gov.cn)
[2026-05-31 04:49:10]     ✗ 未找到标讯
[2026-05-31 04:49:12] 
[98/188] 湖南住建厅
[2026-05-31 04:49:12]   爬取: 湖南住建厅 (https://zjt.hunan.gov.cn)
[2026-05-31 04:49:13]     找到 5 条标讯
[2026-05-31 04:49:13]     近一个月: 5 条
[2026-05-31 04:49:25] 
[99/188] 湖南交通运输厅
[2026-05-31 04:49:25]   爬取: 湖南交通运输厅 (https://jtyst.hunan.gov.cn)
[2026-05-31 04:49:25]     ✗ 无法访问
[2026-05-31 04:49:27] 
[100/188] 湖南水利厅
[2026-05-31 04:49:27]   爬取: 湖南水利厅 (https://slt.hunan.gov.cn)
[2026-05-31 04:49:27]     找到 14 条标讯
[2026-05-31 04:49:27]     近一个月: 11 条
[2026-05-31 04:49:43] 
[101/188] 湖南教育厅
[2026-05-31 04:49:43]   爬取: 湖南教育厅 (https://jyt.hunan.gov.cn)
[2026-05-31 04:49:44]     找到 3 条标讯
[2026-05-31 04:49:44]     近一个月: 3 条
[2026-05-31 04:49:50] 
[102/188] 湖南卫健委
[2026-05-31 04:49:50]   爬取: 湖南卫健委 (https://wjw.hunan.gov.cn)
[2026-05-31 04:49:50]     找到 2 条标讯
[2026-05-31 04:49:50]     近一个月: 1 条
[2026-05-31 04:49:53] 
[103/188] 湖南农业农村厅
[2026-05-31 04:49:53]   爬取: 湖南农业农村厅 (https://nynct.hunan.gov.cn)
[2026-05-31 04:49:53]     ✗ 无法访问
[2026-05-31 04:49:55] 
[104/188] 湖南自然资源厅
[2026-05-31 04:49:55]   爬取: 湖南自然资源厅 (https://zrzyt.hunan.gov.cn)
[2026-05-31 04:49:56]     找到 5 条标讯
[2026-05-31 04:49:56]     近一个月: 5 条
[2026-05-31 04:50:06] 
[105/188] 湖南生态环境厅
[2026-05-31 04:50:06]   爬取: 湖南生态环境厅 (https://sthjt.hunan.gov.cn)
[2026-05-31 04:50:06]     找到 5 条标讯
[2026-05-31 04:50:06]     近一个月: 4 条
[2026-05-31 04:50:12]       ✗ 错误: database is locked
[2026-05-31 04:50:14] 
[106/188] 湖南文旅厅
[2026-05-31 04:50:14]   爬取: 湖南文旅厅 (https://wlt.hunan.gov.cn)
[2026-05-31 04:50:14]     ✗ 无法访问
[2026-05-31 04:50:16] 
[107/188] 中国政府采购网广东站
[2026-05-31 04:50:16]   爬取: 中国政府采购网广东站 (https://www.ccgp-guangdong.gov.cn)
[2026-05-31 04:50:17]     ✗ 未找到标讯
[2026-05-31 04:50:19] 
[108/188] 广东公共资源交易中心
[2026-05-31 04:50:19]   爬取: 广东公共资源交易中心 (https://ggzy.gd.gov.cn)
[2026-05-31 04:50:19]     ✗ 无法访问
[2026-05-31 04:50:21] 
[109/188] 广东住建厅
[2026-05-31 04:50:21]   爬取: 广东住建厅 (https://zfcjst.gd.gov.cn)
[2026-05-31 04:50:21]     ✗ 无法访问
[2026-05-31 04:50:23] 
[110/188] 广东交通运输厅
[2026-05-31 04:50:23]   爬取: 广东交通运输厅 (https://jtyst.gd.gov.cn)
[2026-05-31 04:50:23]     ✗ 无法访问
[2026-05-31 04:50:25] 
[111/188] 广东水利厅
[2026-05-31 04:50:25]   爬取: 广东水利厅 (https://slt.gd.gov.cn)
[2026-05-31 04:50:26]     找到 5 条标讯
[2026-05-31 04:50:26]     近一个月: 5 条
[2026-05-31 04:50:26]     找到 5 条标讯
[2026-05-31 04:50:26]     近一个月: 5 条
[2026-05-31 04:50:28]       ✗ 错误: database is locked
[2026-05-31 04:50:28]       ✗ 错误: database is locked
[2026-05-31 04:50:34] 
[112/188] 广东教育厅
[2026-05-31 04:50:34]   爬取: 广东教育厅 (https://edu.gd.gov.cn)
[2026-05-31 04:50:34] 
[112/188] 广东教育厅
[2026-05-31 04:50:34]   爬取: 广东教育厅 (https://edu.gd.gov.cn)
[2026-05-31 04:50:34]     找到 2 条标讯
[2026-05-31 04:50:34]     近一个月: 2 条
[2026-05-31 04:50:34]     找到 2 条标讯
[2026-05-31 04:50:34]     近一个月: 2 条
[2026-05-31 04:50:39] 
[113/188] 广东卫健委
[2026-05-31 04:50:39]   爬取: 广东卫健委 (https://wsjkw.gd.gov.cn)
[2026-05-31 04:50:39] 
[113/188] 广东卫健委
[2026-05-31 04:50:39]   爬取: 广东卫健委 (https://wsjkw.gd.gov.cn)
[2026-05-31 04:50:39]     找到 2 条标讯
[2026-05-31 04:50:39]     近一个月: 2 条
[2026-05-31 04:50:39]     找到 2 条标讯
[2026-05-31 04:50:39]     近一个月: 2 条
[2026-05-31 04:50:44] 
[114/188] 广东农业农村厅
[2026-05-31 04:50:44]   爬取: 广东农业农村厅 (https://nync.gd.gov.cn)
[2026-05-31 04:50:44]     ✗ 无法访问
[2026-05-31 04:50:45] 
[114/188] 广东农业农村厅
[2026-05-31 04:44:04]   爬取: 安徽水利厅 (https://slt.ah.gov.cn)
[2026-05-31 04:44:05]     找到 14 条标讯
[2026-05-31 04:44:05]     近一个月: 13 条
[2026-05-31 04:44:25]       ✗ 错误: database is locked
[2026-05-31 04:44:25]       ✗ 错误: database is locked
[2026-05-31 04:44:25]       ✗ 错误: database is locked
[2026-05-31 04:44:27] 
[78/188] 安徽教育厅
[2026-05-31 04:44:27]   爬取: 安徽教育厅 (https://jyt.ah.gov.cn)
[2026-05-31 04:44:29]     找到 16 条标讯
[2026-05-31 04:44:29]     近一个月: 16 条
[2026-05-31 04:44:57] 
[79/188] 安徽卫健委
[2026-05-31 04:44:57]   爬取: 安徽卫健委 (https://wjw.ah.gov.cn)
[2026-05-31 04:44:57]     找到 11 条标讯
[2026-05-31 04:44:57]     近一个月: 8 条
[2026-05-31 04:45:02]       ✗ 错误: database is locked
[2026-05-31 04:45:03]       ✗ 错误: database is locked
[2026-05-31 04:45:03]       ✗ 错误: database is locked
[2026-05-31 04:45:08] 
[80/188] 安徽农业农村厅
[2026-05-31 04:45:08]   爬取: 安徽农业农村厅 (https://nync.ah.gov.cn)
[2026-05-31 04:45:09]     找到 7 条标讯
[2026-05-31 04:45:09]     近一个月: 7 条
[2026-05-31 04:45:19] 
[81/188] 中国政府采购网福建站
[2026-05-31 04:45:19]   爬取: 中国政府采购网福建站 (https://www.ccgp-fujian.gov.cn)
[2026-05-31 04:45:20]     ✗ 未找到标讯
[2026-05-31 04:45:22] 
[82/188] 福建住建厅
[2026-05-31 04:45:22]   爬取: 福建住建厅 (https://zjt.fujian.gov.cn)
[2026-05-31 04:45:23]     找到 4 条标讯
[2026-05-31 04:45:23]     近一个月: 4 条
[2026-05-31 04:45:33] 
[83/188] 福建水利厅
[2026-05-31 04:45:33]   爬取: 福建水利厅 (https://slt.fujian.gov.cn)
[2026-05-31 04:45:34]     找到 11 条标讯
[2026-05-31 04:45:34]     近一个月: 11 条
[2026-05-31 04:45:53] 
[84/188] 福建教育厅
[2026-05-31 04:45:53]   爬取: 福建教育厅 (https://jyt.fujian.gov.cn)
[2026-05-31 04:45:54]     找到 4 条标讯
[2026-05-31 04:45:54]     近一个月: 3 条
[2026-05-31 04:46:00] 
[85/188] 福建卫健委
[2026-05-31 04:46:00]   爬取: 福建卫健委 (https://wjw.fujian.gov.cn)
[2026-05-31 04:46:01]     找到 4 条标讯
[2026-05-31 04:46:01]     近一个月: 4 条
[2026-05-31 04:46:11] 
[86/188] 福建文旅厅
[2026-05-31 04:46:11]   爬取: 福建文旅厅 (https://wlt.fujian.gov.cn)
[2026-05-31 04:46:11]     找到 7 条标讯
[2026-05-31 04:46:11]     近一个月: 7 条
[2026-05-31 04:46:24] 
[87/188] 河南公共资源交易中心
[2026-05-31 04:46:24]   爬取: 河南公共资源交易中心 (https://www.hnsggzy.com)
[2026-05-31 04:46:24]     ✗ 未找到标讯
[2026-05-31 04:46:26] 
[88/188] 河南水利厅
[2026-05-31 04:46:26]   爬取: 河南水利厅 (https://slt.henan.gov.cn)
[2026-05-31 04:46:27]     找到 2 条标讯
[2026-05-31 04:46:27]     近一个月: 2 条
[2026-05-31 04:46:31] 
[89/188] 河南教育厅
[2026-05-31 04:46:31]   爬取: 河南教育厅 (https://jyt.henan.gov.cn)
[2026-05-31 04:46:31]     找到 4 条标讯
[2026-05-31 04:46:31]     近一个月: 4 条
[2026-05-31 04:46:39] 
[90/188] 中国政府采购网湖北站
[2026-05-31 04:46:39]   爬取: 中国政府采购网湖北站 (https://www.ccgp-hubei.gov.cn)
[2026-05-31 04:46:39]     找到 139 条标讯
[2026-05-31 04:46:39]     近一个月: 122 条
[2026-05-31 04:47:51] 
[91/188] 湖北住建厅
[2026-05-31 04:47:51]   爬取: 湖北住建厅 (https://zjt.hubei.gov.cn)
[2026-05-31 04:47:52]     找到 19 条标讯
[2026-05-31 04:47:52]     近一个月: 17 条
[2026-05-31 04:48:15] 
[92/188] 湖北水利厅
[2026-05-31 04:48:15]   爬取: 湖北水利厅 (https://slt.hubei.gov.cn)
[2026-05-31 04:48:15]     ✗ 未找到标讯
[2026-05-31 04:48:17] 
[93/188] 湖北教育厅
[2026-05-31 04:48:17]   爬取: 湖北教育厅 (https://jyt.hubei.gov.cn)
[2026-05-31 04:48:18]     找到 3 条标讯
[2026-05-31 04:48:18]     近一个月: 2 条
[2026-05-31 04:48:23] 
[94/188] 湖北卫健委
[2026-05-31 04:48:23]   爬取: 湖北卫健委 (https://wjw.hubei.gov.cn)
[2026-05-31 04:48:23]     找到 5 条标讯
[2026-05-31 04:48:23]     近一个月: 5 条
[2026-05-31 04:48:32] 
[95/188] 湖北文旅厅
[2026-05-31 04:48:32]   爬取: 湖北文旅厅 (https://wlt.hubei.gov.cn)
[2026-05-31 04:48:32]     找到 6 条标讯
[2026-05-31 04:48:32]     近一个月: 3 条
[2026-05-31 04:48:38] 
[96/188] 湖南公共资源交易中心
[2026-05-31 04:48:38]   爬取: 湖南公共资源交易中心 (https://www.hnsggzy.com)
[2026-05-31 04:48:38]     ✗ 未找到标讯
[2026-05-31 04:48:40] 
[97/188] 中国政府采购网湖南站
[2026-05-31 04:48:40]   爬取: 中国政府采购网湖南站 (https://www.ccgp-hunan.gov.cn)
[2026-05-31 04:49:10]     ✗ 未找到标讯
[2026-05-31 04:49:12] 
[98/188] 湖南住建厅
[2026-05-31 04:49:12]   爬取: 湖南住建厅 (https://zjt.hunan.gov.cn)
[2026-05-31 04:49:13]     找到 5 条标讯
[2026-05-31 04:49:13]     近一个月: 5 条
[2026-05-31 04:49:25] 
[99/188] 湖南交通运输厅
[2026-05-31 04:49:25]   爬取: 湖南交通运输厅 (https://jtyst.hunan.gov.cn)
[2026-05-31 04:49:25]     ✗ 无法访问
[2026-05-31 04:49:27] 
[100/188] 湖南水利厅
[2026-05-31 04:49:27]   爬取: 湖南水利厅 (https://slt.hunan.gov.cn)
[2026-05-31 04:49:27]     找到 14 条标讯
[2026-05-31 04:49:27]     近一个月: 11 条
[2026-05-31 04:49:43] 
[101/188] 湖南教育厅
[2026-05-31 04:49:43]   爬取: 湖南教育厅 (https://jyt.hunan.gov.cn)
[2026-05-31 04:49:44]     找到 3 条标讯
[2026-05-31 04:49:44]     近一个月: 3 条
[2026-05-31 04:49:50] 
[102/188] 湖南卫健委
[2026-05-31 04:49:50]   爬取: 湖南卫健委 (https://wjw.hunan.gov.cn)
[2026-05-31 04:49:50]     找到 2 条标讯
[2026-05-31 04:49:50]     近一个月: 1 条
[2026-05-31 04:49:53] 
[103/188] 湖南农业农村厅
[2026-05-31 04:49:53]   爬取: 湖南农业农村厅 (https://nynct.hunan.gov.cn)
[2026-05-31 04:49:53]     ✗ 无法访问
[2026-05-31 04:49:55] 
[104/188] 湖南自然资源厅
[2026-05-31 04:49:55]   爬取: 湖南自然资源厅 (https://zrzyt.hunan.gov.cn)
[2026-05-31 04:49:56]     找到 5 条标讯
[2026-05-31 04:49:56]     近一个月: 5 条
[2026-05-31 04:50:06] 
[105/188] 湖南生态环境厅
[2026-05-31 04:50:06]   爬取: 湖南生态环境厅 (https://sthjt.hunan.gov.cn)
[2026-05-31 04:50:06]     找到 5 条标讯
[2026-05-31 04:50:06]     近一个月: 4 条
[2026-05-31 04:50:12]       ✗ 错误: database is locked
[2026-05-31 04:50:14] 
[106/188] 湖南文旅厅
[2026-05-31 04:50:14]   爬取: 湖南文旅厅 (https://wlt.hunan.gov.cn)
[2026-05-31 04:50:14]     ✗ 无法访问
[2026-05-31 04:50:16] 
[107/188] 中国政府采购网广东站
[2026-05-31 04:50:16]   爬取: 中国政府采购网广东站 (https://www.ccgp-guangdong.gov.cn)
[2026-05-31 04:50:17]     ✗ 未找到标讯
[2026-05-31 04:50:19] 
[108/188] 广东公共资源交易中心
[2026-05-31 04:50:19]   爬取: 广东公共资源交易中心 (https://ggzy.gd.gov.cn)
[2026-05-31 04:50:19]     ✗ 无法访问
[2026-05-31 04:50:21] 
[109/188] 广东住建厅
[2026-05-31 04:50:21]   爬取: 广东住建厅 (https://zfcjst.gd.gov.cn)
[2026-05-31 04:50:21]     ✗ 无法访问
[2026-05-31 04:50:23] 
[110/188] 广东交通运输厅
[2026-05-31 04:50:23]   爬取: 广东交通运输厅 (https://jtyst.gd.gov.cn)
[2026-05-31 04:50:23]     ✗ 无法访问
[2026-05-31 04:50:25] 
[111/188] 广东水利厅
[2026-05-31 04:50:25]   爬取: 广东水利厅 (https://slt.gd.gov.cn)
[2026-05-31 04:50:26]     找到 5 条标讯
[2026-05-31 04:50:26]     近一个月: 5 条
[2026-05-31 04:50:28]       ✗ 错误: database is locked
[2026-05-31 04:50:34] 
[112/188] 广东教育厅
[2026-05-31 04:50:34]   爬取: 广东教育厅 (https://edu.gd.gov.cn)
[2026-05-31 04:50:34]     找到 2 条标讯
[2026-05-31 04:50:34]     近一个月: 2 条
[2026-05-31 04:50:39] 
[113/188] 广东卫健委
[2026-05-31 04:50:39]   爬取: 广东卫健委 (https://wsjkw.gd.gov.cn)
[2026-05-31 04:50:39]     找到 2 条标讯
[2026-05-31 04:50:39]     近一个月: 2 条
[2026-05-31 04:50:45] 
[114/188] 广东农业农村厅
[2026-05-31 04:50:45]   爬取: 广东农业农村厅 (https://nync.gd.gov.cn)
[2026-05-31 04:50:45]     ✗ 无法访问
[2026-05-31 04:50:46] 
[115/188] 广东自然资源厅
[2026-05-31 04:50:46]   爬取: 广东自然资源厅 (https://dnr.gd.gov.cn)
[2026-05-31 04:50:46]     ✗ 无法访问
[2026-05-31 04:50:47] 
[115/188] 广东自然资源厅
[2026-05-31 04:50:47]   爬取: 广东自然资源厅 (https://dnr.gd.gov.cn)
[2026-05-31 04:50:47]     ✗ 无法访问
[2026-05-31 04:50:48] 
[116/188] 广东生态环境厅
[2026-05-31 04:50:48]   爬取: 广东生态环境厅 (https://gdee.gd.gov.cn)
[2026-05-31 04:50:49]     找到 11 条标讯
[2026-05-31 04:50:49]     近一个月: 10 条
[2026-05-31 04:50:49] 
[116/188] 广东生态环境厅
[2026-05-31 04:50:49]   爬取: 广东生态环境厅 (https://gdee.gd.gov.cn)
[2026-05-31 04:50:49]     找到 11 条标讯
[2026-05-31 04:50:49]     近一个月: 10 条
[2026-05-31 04:50:53]       ✗ 错误: database is locked
[2026-05-31 04:50:53]       ✗ 错误: database is locked
[2026-05-31 04:50:53]       ✗ 错误: database is locked
[2026-05-31 04:50:53]       ✗ 错误: database is locked
[2026-05-31 04:50:54]       ✗ 错误: database is locked
[2026-05-31 04:50:54]       ✗ 错误: database is locked
[2026-05-31 04:51:00] 
[117/188] 广东文旅厅
[2026-05-31 04:51:00]   爬取: 广东文旅厅 (https://whly.gd.gov.cn)
[2026-05-31 04:51:01]     找到 3 条标讯
[2026-05-31 04:51:01]     近一个月: 3 条
[2026-05-31 04:51:01] 
[117/188] 广东文旅厅
[2026-05-31 04:51:01]   爬取: 广东文旅厅 (https://whly.gd.gov.cn)
[2026-05-31 04:51:02]     找到 3 条标讯
[2026-05-31 04:51:02]     近一个月: 3 条
[2026-05-31 04:51:07] 
[118/188] 海南公共资源交易中心
[2026-05-31 04:51:07]   爬取: 海南公共资源交易中心 (https://ggzy.hainan.gov.cn)
[2026-05-31 04:51:08]     找到 133 条标讯
[2026-05-31 04:51:08]     近一个月: 85 条
[2026-05-31 04:51:08] 
[118/188] 海南公共资源交易中心
[2026-05-31 04:51:08]   爬取: 海南公共资源交易中心 (https://ggzy.hainan.gov.cn)
[2026-05-31 04:51:09]     找到 133 条标讯
[2026-05-31 04:51:09]     近一个月: 85 条
[2026-05-31 04:51:17]       ✗ 错误: database is locked
[2026-05-31 04:51:17]       ✗ 错误: database is locked
[2026-05-31 04:51:18]       ✗ 错误: database is locked
[2026-05-31 04:51:18]       ✗ 错误: database is locked
[2026-05-31 04:52:01]       ✗ 错误: database is locked
[2026-05-31 04:52:01]       ✗ 错误: database is locked
[2026-05-31 04:52:09] 
[119/188] 海南住建厅
[2026-05-31 04:52:09]   爬取: 海南住建厅 (https://zjt.hainan.gov.cn)
[2026-05-31 04:52:09] 
[119/188] 海南住建厅
[2026-05-31 04:52:09]   爬取: 海南住建厅 (https://zjt.hainan.gov.cn)
[2026-05-31 04:52:10]     找到 9 条标讯
[2026-05-31 04:52:10]     近一个月: 9 条
[2026-05-31 04:52:10]     找到 9 条标讯
[2026-05-31 04:52:10]     近一个月: 9 条
[2026-05-31 04:52:18]       ✗ 错误: database is locked
[2026-05-31 04:52:18]       ✗ 错误: database is locked
[2026-05-31 04:52:22] 
[120/188] 海南政府采购网
[2026-05-31 04:52:22]   爬取: 海南政府采购网 (https://www.ccgp-hainan.gov.cn)
[2026-05-31 04:52:22] 
[120/188] 海南政府采购网
[2026-05-31 04:52:22]   爬取: 海南政府采购网 (https://www.ccgp-hainan.gov.cn)
[2026-05-31 04:52:23]     ✗ 未找到标讯
[2026-05-31 04:52:23]     ✗ 未找到标讯
[2026-05-31 04:52:25] 
[121/188] 重庆公共资源交易中心
[2026-05-31 04:52:25]   爬取: 重庆公共资源交易中心 (https://www.cqggzy.com)
[2026-05-31 04:52:25] 
[121/188] 重庆公共资源交易中心
[2026-05-31 04:52:25]   爬取: 重庆公共资源交易中心 (https://www.cqggzy.com)
[2026-05-31 04:52:27]     找到 305 条标讯
[2026-05-31 04:52:27]     近一个月: 275 条
[2026-05-31 04:52:27]     找到 305 条标讯
[2026-05-31 04:52:27]     近一个月: 275 条
[2026-05-31 04:53:43] 
[122/188] 重庆政府采购网
[2026-05-31 04:53:43]   爬取: 重庆政府采购网 (https://www.ccgp-chongqing.gov.cn)
[2026-05-31 04:53:43]     ✗ 未找到标讯
[2026-05-31 04:53:43] 
[122/188] 重庆政府采购网
[2026-05-31 04:53:43]   爬取: 重庆政府采购网 (https://www.ccgp-chongqing.gov.cn)
[2026-05-31 04:53:44]     ✗ 未找到标讯
[2026-05-31 04:53:45] 
[123/188] 重庆交通局
[2026-05-31 04:53:45]   爬取: 重庆交通局 (https://jtj.cq.gov.cn)
[2026-05-31 04:53:46] 
[123/188] 重庆交通局
[2026-05-31 04:53:46]   爬取: 重庆交通局 (https://jtj.cq.gov.cn)
[2026-05-31 04:53:46]     找到 6 条标讯
[2026-05-31 04:53:46]     近一个月: 6 条
[2026-05-31 04:53:46]     找到 6 条标讯
[2026-05-31 04:53:46]     近一个月: 6 条
[2026-05-31 04:53:47]       ✗ 错误: database is locked
[2026-05-31 04:53:48]       ✗ 错误: database is locked
[2026-05-31 04:53:49]       ✗ 错误: database is locked
[2026-05-31 04:53:50]       ✗ 错误: database is locked
[2026-05-31 04:53:51]       ✗ 错误: database is locked
[2026-05-31 04:53:52]       ✗ 错误: database is locked
[2026-05-31 04:53:53]       ✗ 错误: database is locked
[2026-05-31 04:53:55]       ✗ 错误: database is locked
[2026-05-31 04:54:00] 
[124/188] 重庆水利局
[2026-05-31 04:54:00]   爬取: 重庆水利局 (https://slj.cq.gov.cn)
[2026-05-31 04:54:00]     找到 3 条标讯
[2026-05-31 04:54:00]     近一个月: 3 条
[2026-05-31 04:54:01] 
[124/188] 重庆水利局
[2026-05-31 04:54:01]   爬取: 重庆水利局 (https://slj.cq.gov.cn)
[2026-05-31 04:54:01]     找到 3 条标讯
[2026-05-31 04:54:01]     近一个月: 3 条
[2026-05-31 04:54:04]       ✗ 错误: database is locked
[2026-05-31 04:54:04]       ✗ 错误: database is locked
[2026-05-31 04:54:06] 
[125/188] 重庆教委
[2026-05-31 04:54:06]   爬取: 重庆教委 (https://jw.cq.gov.cn)
[2026-05-31 04:54:06]     找到 1 条标讯
[2026-05-31 04:54:06]     近一个月: 1 条
[2026-05-31 04:54:06] 
[125/188] 重庆教委
[2026-05-31 04:54:06]   爬取: 重庆教委 (https://jw.cq.gov.cn)
[2026-05-31 04:54:06]     找到 1 条标讯
[2026-05-31 04:54:06]     近一个月: 1 条
[2026-05-31 04:54:10] 
[126/188] 重庆农业农村委
[2026-05-31 04:54:10]   爬取: 重庆农业农村委 (https://nyncw.cq.gov.cn)
[2026-05-31 04:54:10] 
[126/188] 重庆农业农村委
[2026-05-31 04:54:10]   爬取: 重庆农业农村委 (https://nyncw.cq.gov.cn)
[2026-05-31 04:54:10]     找到 6 条标讯
[2026-05-31 04:54:10]     近一个月: 4 条
[2026-05-31 04:54:11]     找到 6 条标讯
[2026-05-31 04:54:11]     近一个月: 4 条
[2026-05-31 04:54:18] 
[127/188] 重庆生态环境局
[2026-05-31 04:54:18]   爬取: 重庆生态环境局 (https://sthjj.cq.gov.cn)
[2026-05-31 04:54:19] 
[127/188] 重庆生态环境局
[2026-05-31 04:54:19]   爬取: 重庆生态环境局 (https://sthjj.cq.gov.cn)
[2026-05-31 04:54:19]     找到 5 条标讯
[2026-05-31 04:54:19]     近一个月: 2 条
[2026-05-31 04:54:19]     找到 5 条标讯
[2026-05-31 04:54:19]     近一个月: 2 条
[2026-05-31 04:54:24] 
[128/188] 四川公共资源交易中心
[2026-05-31 04:54:24]   爬取: 四川公共资源交易中心 (https://www.spprec.com)
[2026-05-31 04:54:24] 
[128/188] 四川公共资源交易中心
[2026-05-31 04:54:24]   爬取: 四川公共资源交易中心 (https://www.spprec.com)
[2026-05-31 04:54:24]     ✗ 未找到标讯
[2026-05-31 04:54:24]     ✗ 未找到标讯
[2026-05-31 04:54:26] 
[129/188] 中国政府采购网四川站
[2026-05-31 04:54:26]   爬取: 中国政府采购网四川站 (https://www.ccgp-sichuan.gov.cn)
[2026-05-31 04:54:26] 
[129/188] 中国政府采购网四川站
[2026-05-31 04:54:26]   爬取: 中国政府采购网四川站 (https://www.ccgp-sichuan.gov.cn)
[2026-05-31 04:54:26]     ✗ 未找到标讯
[2026-05-31 04:54:26]     ✗ 未找到标讯
[2026-05-31 04:54:28] 
[130/188] 四川水利厅
[2026-05-31 04:54:28]   爬取: 四川水利厅 (https://slt.sc.gov.cn)
[2026-05-31 04:54:28] 
[130/188] 四川水利厅
[2026-05-31 04:54:28]   爬取: 四川水利厅 (https://slt.sc.gov.cn)
[2026-05-31 04:54:28]     找到 12 条标讯
[2026-05-31 04:54:28]     近一个月: 10 条
[2026-05-31 04:54:28]     找到 12 条标讯
[2026-05-31 04:54:28]     近一个月: 10 条
[2026-05-31 04:54:44] 
[131/188] 四川文旅厅
[2026-05-31 04:54:44]   爬取: 四川文旅厅 (https://wlt.sc.gov.cn)
[2026-05-31 04:54:44]     找到 9 条标讯
[2026-05-31 04:54:44]     近一个月: 9 条
[2026-05-31 04:54:44] 
[131/188] 四川文旅厅
[2026-05-31 04:54:44]   爬取: 四川文旅厅 (https://wlt.sc.gov.cn)
[2026-05-31 04:54:45]     找到 9 条标讯
[2026-05-31 04:54:45]     近一个月: 9 条
[2026-05-31 04:54:58] 
[132/188] 贵州公共资源交易中心
[2026-05-31 04:54:58]   爬取: 贵州公共资源交易中心 (https://ggzy.guizhou.gov.cn)
[2026-05-31 04:54:59]     找到 47 条标讯
[2026-05-31 04:54:59]     近一个月: 33 条
[2026-05-31 04:54:59] 
[132/188] 贵州公共资源交易中心
[2026-05-31 04:54:59]   爬取: 贵州公共资源交易中心 (https://ggzy.guizhou.gov.cn)
[2026-05-31 04:54:59]     找到 47 条标讯
[2026-05-31 04:54:59]     近一个月: 33 条
[2026-05-31 04:55:43] 
[133/188] 贵州教育厅
[2026-05-31 04:55:43]   爬取: 贵州教育厅 (https://jyt.guizhou.gov.cn)
[2026-05-31 04:55:43] 
[133/188] 贵州教育厅
[2026-05-31 04:55:43]   爬取: 贵州教育厅 (https://jyt.guizhou.gov.cn)
[2026-05-31 04:55:43]     找到 3 条标讯
[2026-05-31 04:55:43]     近一个月: 3 条
[2026-05-31 04:55:43]     找到 3 条标讯
[2026-05-31 04:55:43]     近一个月: 3 条
[2026-05-31 04:55:50] 
[134/188] 贵州卫健委
[2026-05-31 04:55:50]   爬取: 贵州卫健委 (https://wjw.guizhou.gov.cn)
[2026-05-31 04:55:50] 
[134/188] 贵州卫健委
[2026-05-31 04:55:50]   爬取: 贵州卫健委 (https://wjw.guizhou.gov.cn)
[2026-05-31 04:55:50]     找到 2 条标讯
[2026-05-31 04:55:50]     近一个月: 2 条
[2026-05-31 04:55:51]     找到 2 条标讯
[2026-05-31 04:55:51]     近一个月: 2 条
[2026-05-31 04:55:55] 
[135/188] 贵州自然资源厅
[2026-05-31 04:55:55]   爬取: 贵州自然资源厅 (https://zrzy.guizhou.gov.cn)
[2026-05-31 04:55:55] 
[135/188] 贵州自然资源厅
[2026-05-31 04:55:55]   爬取: 贵州自然资源厅 (https://zrzy.guizhou.gov.cn)
[2026-05-31 04:55:55]     找到 7 条标讯
[2026-05-31 04:55:55]     近一个月: 6 条
[2026-05-31 04:55:55]     找到 7 条标讯
[2026-05-31 04:55:55]     近一个月: 6 条
[2026-05-31 04:56:05] 
[136/188] 贵州生态环境厅
[2026-05-31 04:56:05]   爬取: 贵州生态环境厅 (https://sthj.guizhou.gov.cn)
[2026-05-31 04:56:05] 
[136/188] 贵州生态环境厅
[2026-05-31 04:56:05]   爬取: 贵州生态环境厅 (https://sthj.guizhou.gov.cn)
[2026-05-31 04:56:05]     找到 11 条标讯
[2026-05-31 04:56:05]     近一个月: 10 条
[2026-05-31 04:56:05]     找到 11 条标讯
[2026-05-31 04:56:05]     近一个月: 10 条
[2026-05-31 04:56:20] 
[137/188] 云南教育厅
[2026-05-31 04:56:20]   爬取: 云南教育厅 (https://jyt.yn.gov.cn)
[2026-05-31 04:56:20] 
[137/188] 云南教育厅
[2026-05-31 04:56:20]   爬取: 云南教育厅 (https://jyt.yn.gov.cn)
[2026-05-31 04:56:21]     找到 4 条标讯
[2026-05-31 04:56:21]     近一个月: 4 条
[2026-05-31 04:56:21]     找到 4 条标讯
[2026-05-31 04:56:21]     近一个月: 4 条
[2026-05-31 04:56:29] 
[138/188] 云南农业农村厅
[2026-05-31 04:56:29]   爬取: 云南农业农村厅 (https://nync.yn.gov.cn)
[2026-05-31 04:56:29] 
[138/188] 云南农业农村厅
[2026-05-31 04:56:29]   爬取: 云南农业农村厅 (https://nync.yn.gov.cn)
[2026-05-31 04:56:29]     找到 4 条标讯
[2026-05-31 04:56:29]     近一个月: 4 条
[2026-05-31 04:56:29]     找到 4 条标讯
[2026-05-31 04:56:29]     近一个月: 4 条
[2026-05-31 04:56:40] 
[139/188] 西藏公共资源交易中心
[2026-05-31 04:56:40]   爬取: 西藏公共资源交易中心 (https://ggzy.xizang.gov.cn)
[2026-05-31 04:56:41]     找到 2 条标讯
[2026-05-31 04:56:41]     近一个月: 2 条
[2026-05-31 04:56:44] 
[139/188] 西藏公共资源交易中心
[2026-05-31 04:56:44]   爬取: 西藏公共资源交易中心 (https://ggzy.xizang.gov.cn)
[2026-05-31 04:56:45]     找到 2 条标讯
[2026-05-31 04:56:45]     近一个月: 2 条
[2026-05-31 04:56:46] 
[140/188] 西藏住建厅
[2026-05-31 04:56:46]   爬取: 西藏住建厅 (https://zjt.xizang.gov.cn)
[2026-05-31 04:56:47]     找到 31 条标讯
[2026-05-31 04:56:47]     近一个月: 28 条
[2026-05-31 04:56:50] 
[140/188] 西藏住建厅
[2026-05-31 04:56:50]   爬取: 西藏住建厅 (https://zjt.xizang.gov.cn)
[2026-05-31 04:56:50]     找到 31 条标讯
[2026-05-31 04:56:50]     近一个月: 28 条
[2026-05-31 04:57:30] 
[141/188] 西藏水利厅
[2026-05-31 04:57:30]   爬取: 西藏水利厅 (https://slt.xizang.gov.cn)
[2026-05-31 04:57:31]     找到 7 条标讯
[2026-05-31 04:57:31]     近一个月: 7 条
[2026-05-31 04:57:33] 
[141/188] 西藏水利厅
[2026-05-31 04:57:33]   爬取: 西藏水利厅 (https://slt.xizang.gov.cn)
[2026-05-31 04:57:33]     找到 7 条标讯
[2026-05-31 04:57:33]     近一个月: 7 条
[2026-05-31 04:57:44] 
[142/188] 西藏卫健委
[2026-05-31 04:57:44]   爬取: 西藏卫健委 (https://wjw.xizang.gov.cn)
[2026-05-31 04:57:44]     找到 9 条标讯
[2026-05-31 04:57:44]     近一个月: 2 条
[2026-05-31 04:57:46] 
[142/188] 西藏卫健委
[2026-05-31 04:57:46]   爬取: 西藏卫健委 (https://wjw.xizang.gov.cn)
[2026-05-31 04:57:46]     找到 9 条标讯
[2026-05-31 04:57:46]     近一个月: 2 条
[2026-05-31 04:57:49] 
[143/188] 西藏文旅厅
[2026-05-31 04:57:49]   爬取: 西藏文旅厅 (https://wlt.xizang.gov.cn)
[2026-05-31 04:57:50]     找到 4 条标讯
[2026-05-31 04:57:50]     近一个月: 4 条
[2026-05-31 04:57:51] 
[143/188] 西藏文旅厅
[2026-05-31 04:57:51]   爬取: 西藏文旅厅 (https://wlt.xizang.gov.cn)
[2026-05-31 04:57:52]     找到 4 条标讯
[2026-05-31 04:57:52]     近一个月: 4 条
[2026-05-31 04:57:57] 
[144/188] 中国政府采购网陕西站
[2026-05-31 04:57:57]   爬取: 中国政府采购网陕西站 (https://www.ccgp-shaanxi.gov.cn)
[2026-05-31 04:57:57]     找到 12 条标讯
[2026-05-31 04:57:57]     近一个月: 12 条
[2026-05-31 04:57:59] 
[144/188] 中国政府采购网陕西站
[2026-05-31 04:57:59]   爬取: 中国政府采购网陕西站 (https://www.ccgp-shaanxi.gov.cn)
[2026-05-31 04:58:00]     找到 12 条标讯
[2026-05-31 04:58:00]     近一个月: 12 条
[2026-05-31 04:58:18] 
[145/188] 陕西水利厅
[2026-05-31 04:50:25]   爬取: 广东水利厅 (https://slt.gd.gov.cn)
[2026-05-31 04:50:26]     找到 5 条标讯
[2026-05-31 04:50:26]     近一个月: 5 条
[2026-05-31 04:50:28]       ✗ 错误: database is locked
[2026-05-31 04:50:34] 
[112/188] 广东教育厅
[2026-05-31 04:50:34]   爬取: 广东教育厅 (https://edu.gd.gov.cn)
[2026-05-31 04:50:34]     找到 2 条标讯
[2026-05-31 04:50:34]     近一个月: 2 条
[2026-05-31 04:50:39] 
[113/188] 广东卫健委
[2026-05-31 04:50:39]   爬取: 广东卫健委 (https://wsjkw.gd.gov.cn)
[2026-05-31 04:50:39]     找到 2 条标讯
[2026-05-31 04:50:39]     近一个月: 2 条
[2026-05-31 04:50:44] 
[114/188] 广东农业农村厅
[2026-05-31 04:50:44]   爬取: 广东农业农村厅 (https://nync.gd.gov.cn)
[2026-05-31 04:50:44]     ✗ 无法访问
[2026-05-31 04:50:46] 
[115/188] 广东自然资源厅
[2026-05-31 04:50:46]   爬取: 广东自然资源厅 (https://dnr.gd.gov.cn)
[2026-05-31 04:50:46]     ✗ 无法访问
[2026-05-31 04:50:48] 
[116/188] 广东生态环境厅
[2026-05-31 04:50:48]   爬取: 广东生态环境厅 (https://gdee.gd.gov.cn)
[2026-05-31 04:50:49]     找到 11 条标讯
[2026-05-31 04:50:49]     近一个月: 10 条
[2026-05-31 04:50:53]       ✗ 错误: database is locked
[2026-05-31 04:50:53]       ✗ 错误: database is locked
[2026-05-31 04:50:53]       ✗ 错误: database is locked
[2026-05-31 04:51:00] 
[117/188] 广东文旅厅
[2026-05-31 04:51:00]   爬取: 广东文旅厅 (https://whly.gd.gov.cn)
[2026-05-31 04:51:01]     找到 3 条标讯
[2026-05-31 04:51:01]     近一个月: 3 条
[2026-05-31 04:51:07] 
[118/188] 海南公共资源交易中心
[2026-05-31 04:51:07]   爬取: 海南公共资源交易中心 (https://ggzy.hainan.gov.cn)
[2026-05-31 04:51:08]     找到 133 条标讯
[2026-05-31 04:51:08]     近一个月: 85 条
[2026-05-31 04:51:17]       ✗ 错误: database is locked
[2026-05-31 04:51:17]       ✗ 错误: database is locked
[2026-05-31 04:52:01]       ✗ 错误: database is locked
[2026-05-31 04:52:09] 
[119/188] 海南住建厅
[2026-05-31 04:52:09]   爬取: 海南住建厅 (https://zjt.hainan.gov.cn)
[2026-05-31 04:52:10]     找到 9 条标讯
[2026-05-31 04:52:10]     近一个月: 9 条
[2026-05-31 04:52:18]       ✗ 错误: database is locked
[2026-05-31 04:52:22] 
[120/188] 海南政府采购网
[2026-05-31 04:52:22]   爬取: 海南政府采购网 (https://www.ccgp-hainan.gov.cn)
[2026-05-31 04:52:23]     ✗ 未找到标讯
[2026-05-31 04:52:25] 
[121/188] 重庆公共资源交易中心
[2026-05-31 04:52:25]   爬取: 重庆公共资源交易中心 (https://www.cqggzy.com)
[2026-05-31 04:52:27]     找到 305 条标讯
[2026-05-31 04:52:27]     近一个月: 275 条
[2026-05-31 04:53:43] 
[122/188] 重庆政府采购网
[2026-05-31 04:53:43]   爬取: 重庆政府采购网 (https://www.ccgp-chongqing.gov.cn)
[2026-05-31 04:53:44]     ✗ 未找到标讯
[2026-05-31 04:53:46] 
[123/188] 重庆交通局
[2026-05-31 04:53:46]   爬取: 重庆交通局 (https://jtj.cq.gov.cn)
[2026-05-31 04:53:46]     找到 6 条标讯
[2026-05-31 04:53:46]     近一个月: 6 条
[2026-05-31 04:53:47]       ✗ 错误: database is locked
[2026-05-31 04:53:49]       ✗ 错误: database is locked
[2026-05-31 04:53:51]       ✗ 错误: database is locked
[2026-05-31 04:53:53]       ✗ 错误: database is locked
[2026-05-31 04:54:01] 
[124/188] 重庆水利局
[2026-05-31 04:54:01]   爬取: 重庆水利局 (https://slj.cq.gov.cn)
[2026-05-31 04:54:01]     找到 3 条标讯
[2026-05-31 04:54:01]     近一个月: 3 条
[2026-05-31 04:54:04]       ✗ 错误: database is locked
[2026-05-31 04:54:06] 
[125/188] 重庆教委
[2026-05-31 04:54:06]   爬取: 重庆教委 (https://jw.cq.gov.cn)
[2026-05-31 04:54:06]     找到 1 条标讯
[2026-05-31 04:54:06]     近一个月: 1 条
[2026-05-31 04:54:10] 
[126/188] 重庆农业农村委
[2026-05-31 04:54:10]   爬取: 重庆农业农村委 (https://nyncw.cq.gov.cn)
[2026-05-31 04:54:10]     找到 6 条标讯
[2026-05-31 04:54:10]     近一个月: 4 条
[2026-05-31 04:54:19] 
[127/188] 重庆生态环境局
[2026-05-31 04:54:19]   爬取: 重庆生态环境局 (https://sthjj.cq.gov.cn)
[2026-05-31 04:54:19]     找到 5 条标讯
[2026-05-31 04:54:19]     近一个月: 2 条
[2026-05-31 04:54:24] 
[128/188] 四川公共资源交易中心
[2026-05-31 04:54:24]   爬取: 四川公共资源交易中心 (https://www.spprec.com)
[2026-05-31 04:54:24]     ✗ 未找到标讯
[2026-05-31 04:54:26] 
[129/188] 中国政府采购网四川站
[2026-05-31 04:54:26]   爬取: 中国政府采购网四川站 (https://www.ccgp-sichuan.gov.cn)
[2026-05-31 04:54:26]     ✗ 未找到标讯
[2026-05-31 04:54:28] 
[130/188] 四川水利厅
[2026-05-31 04:54:28]   爬取: 四川水利厅 (https://slt.sc.gov.cn)
[2026-05-31 04:54:28]     找到 12 条标讯
[2026-05-31 04:54:28]     近一个月: 10 条
[2026-05-31 04:54:44] 
[131/188] 四川文旅厅
[2026-05-31 04:54:44]   爬取: 四川文旅厅 (https://wlt.sc.gov.cn)
[2026-05-31 04:54:44]     找到 9 条标讯
[2026-05-31 04:54:44]     近一个月: 9 条
[2026-05-31 04:54:58] 
[132/188] 贵州公共资源交易中心
[2026-05-31 04:54:58]   爬取: 贵州公共资源交易中心 (https://ggzy.guizhou.gov.cn)
[2026-05-31 04:54:59]     找到 47 条标讯
[2026-05-31 04:54:59]     近一个月: 33 条
[2026-05-31 04:55:43] 
[133/188] 贵州教育厅
[2026-05-31 04:55:43]   爬取: 贵州教育厅 (https://jyt.guizhou.gov.cn)
[2026-05-31 04:55:43]     找到 3 条标讯
[2026-05-31 04:55:43]     近一个月: 3 条
[2026-05-31 04:55:50] 
[134/188] 贵州卫健委
[2026-05-31 04:55:50]   爬取: 贵州卫健委 (https://wjw.guizhou.gov.cn)
[2026-05-31 04:55:50]     找到 2 条标讯
[2026-05-31 04:55:50]     近一个月: 2 条
[2026-05-31 04:55:55] 
[135/188] 贵州自然资源厅
[2026-05-31 04:55:55]   爬取: 贵州自然资源厅 (https://zrzy.guizhou.gov.cn)
[2026-05-31 04:55:55]     找到 7 条标讯
[2026-05-31 04:55:55]     近一个月: 6 条
[2026-05-31 04:56:05] 
[136/188] 贵州生态环境厅
[2026-05-31 04:56:05]   爬取: 贵州生态环境厅 (https://sthj.guizhou.gov.cn)
[2026-05-31 04:56:05]     找到 11 条标讯
[2026-05-31 04:56:05]     近一个月: 10 条
[2026-05-31 04:56:20] 
[137/188] 云南教育厅
[2026-05-31 04:56:20]   爬取: 云南教育厅 (https://jyt.yn.gov.cn)
[2026-05-31 04:56:21]     找到 4 条标讯
[2026-05-31 04:56:21]     近一个月: 4 条
[2026-05-31 04:56:29] 
[138/188] 云南农业农村厅
[2026-05-31 04:56:29]   爬取: 云南农业农村厅 (https://nync.yn.gov.cn)
[2026-05-31 04:56:29]     找到 4 条标讯
[2026-05-31 04:56:29]     近一个月: 4 条
[2026-05-31 04:56:40] 
[139/188] 西藏公共资源交易中心
[2026-05-31 04:56:40]   爬取: 西藏公共资源交易中心 (https://ggzy.xizang.gov.cn)
[2026-05-31 04:56:41]     找到 2 条标讯
[2026-05-31 04:56:41]     近一个月: 2 条
[2026-05-31 04:56:46] 
[140/188] 西藏住建厅
[2026-05-31 04:56:46]   爬取: 西藏住建厅 (https://zjt.xizang.gov.cn)
[2026-05-31 04:56:47]     找到 31 条标讯
[2026-05-31 04:56:47]     近一个月: 28 条
[2026-05-31 04:57:30] 
[141/188] 西藏水利厅
[2026-05-31 04:57:30]   爬取: 西藏水利厅 (https://slt.xizang.gov.cn)
[2026-05-31 04:57:31]     找到 7 条标讯
[2026-05-31 04:57:31]     近一个月: 7 条
[2026-05-31 04:57:44] 
[142/188] 西藏卫健委
[2026-05-31 04:57:44]   爬取: 西藏卫健委 (https://wjw.xizang.gov.cn)
[2026-05-31 04:57:44]     找到 9 条标讯
[2026-05-31 04:57:44]     近一个月: 2 条
[2026-05-31 04:57:49] 
[143/188] 西藏文旅厅
[2026-05-31 04:57:49]   爬取: 西藏文旅厅 (https://wlt.xizang.gov.cn)
[2026-05-31 04:57:50]     找到 4 条标讯
[2026-05-31 04:57:50]     近一个月: 4 条
[2026-05-31 04:57:57] 
[144/188] 中国政府采购网陕西站
[2026-05-31 04:57:57]   爬取: 中国政府采购网陕西站 (https://www.ccgp-shaanxi.gov.cn)
[2026-05-31 04:57:57]     找到 12 条标讯
[2026-05-31 04:57:57]     近一个月: 12 条
[2026-05-31 04:58:18] 
[145/188] 陕西水利厅
[2026-05-31 04:58:18]   爬取: 陕西水利厅 (https://slt.shaanxi.gov.cn)
[2026-05-31 04:58:18]     找到 15 条标讯
[2026-05-31 04:58:18]     近一个月: 8 条
[2026-05-31 04:58:20] 
[145/188] 陕西水利厅
[2026-05-31 04:58:20]   爬取: 陕西水利厅 (https://slt.shaanxi.gov.cn)
[2026-05-31 04:58:21]     找到 15 条标讯
[2026-05-31 04:58:21]     近一个月: 8 条
[2026-05-31 04:58:31] 
[146/188] 陕西教育厅
[2026-05-31 04:58:31]   爬取: 陕西教育厅 (https://jyt.shaanxi.gov.cn)
[2026-05-31 04:58:31]     找到 4 条标讯
[2026-05-31 04:58:31]     近一个月: 4 条
[2026-05-31 04:58:33] 
[146/188] 陕西教育厅
[2026-05-31 04:58:33]   爬取: 陕西教育厅 (https://jyt.shaanxi.gov.cn)
[2026-05-31 04:58:34]     找到 4 条标讯
[2026-05-31 04:58:34]     近一个月: 4 条
[2026-05-31 04:58:38] 
[147/188] 青海水利厅
[2026-05-31 04:58:38]   爬取: 青海水利厅 (https://slt.qinghai.gov.cn)
[2026-05-31 04:58:41]     找到 4 条标讯
[2026-05-31 04:58:41]     近一个月: 4 条
[2026-05-31 04:58:41] 
[147/188] 青海水利厅
[2026-05-31 04:58:41]   爬取: 青海水利厅 (https://slt.qinghai.gov.cn)
[2026-05-31 04:58:43]     找到 4 条标讯
[2026-05-31 04:58:43]     近一个月: 4 条
[2026-05-31 04:58:48] 
[148/188] 青海教育厅
[2026-05-31 04:58:48]   爬取: 青海教育厅 (https://jyt.qinghai.gov.cn)
[2026-05-31 04:58:49]     找到 1 条标讯
[2026-05-31 04:58:49]     近一个月: 1 条
[2026-05-31 04:58:50] 
[148/188] 青海教育厅
[2026-05-31 04:58:50]   爬取: 青海教育厅 (https://jyt.qinghai.gov.cn)
[2026-05-31 04:50:45]   爬取: 广东农业农村厅 (https://nync.gd.gov.cn)
[2026-05-31 04:50:45]     ✗ 无法访问
[2026-05-31 04:50:47] 
[115/188] 广东自然资源厅
[2026-05-31 04:50:47]   爬取: 广东自然资源厅 (https://dnr.gd.gov.cn)
[2026-05-31 04:50:47]     ✗ 无法访问
[2026-05-31 04:50:49] 
[116/188] 广东生态环境厅
[2026-05-31 04:50:49]   爬取: 广东生态环境厅 (https://gdee.gd.gov.cn)
[2026-05-31 04:50:49]     找到 11 条标讯
[2026-05-31 04:50:49]     近一个月: 10 条
[2026-05-31 04:50:53]       ✗ 错误: database is locked
[2026-05-31 04:50:54]       ✗ 错误: database is locked
[2026-05-31 04:50:54]       ✗ 错误: database is locked
[2026-05-31 04:51:01] 
[117/188] 广东文旅厅
[2026-05-31 04:51:01]   爬取: 广东文旅厅 (https://whly.gd.gov.cn)
[2026-05-31 04:51:02]     找到 3 条标讯
[2026-05-31 04:51:02]     近一个月: 3 条
[2026-05-31 04:51:08] 
[118/188] 海南公共资源交易中心
[2026-05-31 04:51:08]   爬取: 海南公共资源交易中心 (https://ggzy.hainan.gov.cn)
[2026-05-31 04:51:09]     找到 133 条标讯
[2026-05-31 04:51:09]     近一个月: 85 条
[2026-05-31 04:51:18]       ✗ 错误: database is locked
[2026-05-31 04:51:18]       ✗ 错误: database is locked
[2026-05-31 04:52:01]       ✗ 错误: database is locked
[2026-05-31 04:52:09] 
[119/188] 海南住建厅
[2026-05-31 04:52:09]   爬取: 海南住建厅 (https://zjt.hainan.gov.cn)
[2026-05-31 04:52:10]     找到 9 条标讯
[2026-05-31 04:52:10]     近一个月: 9 条
[2026-05-31 04:52:18]       ✗ 错误: database is locked
[2026-05-31 04:52:22] 
[120/188] 海南政府采购网
[2026-05-31 04:52:22]   爬取: 海南政府采购网 (https://www.ccgp-hainan.gov.cn)
[2026-05-31 04:52:23]     ✗ 未找到标讯
[2026-05-31 04:52:25] 
[121/188] 重庆公共资源交易中心
[2026-05-31 04:52:25]   爬取: 重庆公共资源交易中心 (https://www.cqggzy.com)
[2026-05-31 04:52:27]     找到 305 条标讯
[2026-05-31 04:52:27]     近一个月: 275 条
[2026-05-31 04:53:43] 
[122/188] 重庆政府采购网
[2026-05-31 04:53:43]   爬取: 重庆政府采购网 (https://www.ccgp-chongqing.gov.cn)
[2026-05-31 04:53:43]     ✗ 未找到标讯
[2026-05-31 04:53:45] 
[123/188] 重庆交通局
[2026-05-31 04:53:45]   爬取: 重庆交通局 (https://jtj.cq.gov.cn)
[2026-05-31 04:53:46]     找到 6 条标讯
[2026-05-31 04:53:46]     近一个月: 6 条
[2026-05-31 04:53:48]       ✗ 错误: database is locked
[2026-05-31 04:53:50]       ✗ 错误: database is locked
[2026-05-31 04:53:52]       ✗ 错误: database is locked
[2026-05-31 04:53:55]       ✗ 错误: database is locked
[2026-05-31 04:54:00] 
[124/188] 重庆水利局
[2026-05-31 04:54:00]   爬取: 重庆水利局 (https://slj.cq.gov.cn)
[2026-05-31 04:54:00]     找到 3 条标讯
[2026-05-31 04:54:00]     近一个月: 3 条
[2026-05-31 04:54:04]       ✗ 错误: database is locked
[2026-05-31 04:54:06] 
[125/188] 重庆教委
[2026-05-31 04:54:06]   爬取: 重庆教委 (https://jw.cq.gov.cn)
[2026-05-31 04:54:06]     找到 1 条标讯
[2026-05-31 04:54:06]     近一个月: 1 条
[2026-05-31 04:54:10] 
[126/188] 重庆农业农村委
[2026-05-31 04:54:10]   爬取: 重庆农业农村委 (https://nyncw.cq.gov.cn)
[2026-05-31 04:54:11]     找到 6 条标讯
[2026-05-31 04:54:11]     近一个月: 4 条
[2026-05-31 04:54:18] 
[127/188] 重庆生态环境局
[2026-05-31 04:54:18]   爬取: 重庆生态环境局 (https://sthjj.cq.gov.cn)
[2026-05-31 04:54:19]     找到 5 条标讯
[2026-05-31 04:54:19]     近一个月: 2 条
[2026-05-31 04:54:24] 
[128/188] 四川公共资源交易中心
[2026-05-31 04:54:24]   爬取: 四川公共资源交易中心 (https://www.spprec.com)
[2026-05-31 04:54:24]     ✗ 未找到标讯
[2026-05-31 04:54:26] 
[129/188] 中国政府采购网四川站
[2026-05-31 04:54:26]   爬取: 中国政府采购网四川站 (https://www.ccgp-sichuan.gov.cn)
[2026-05-31 04:54:26]     ✗ 未找到标讯
[2026-05-31 04:54:28] 
[130/188] 四川水利厅
[2026-05-31 04:54:28]   爬取: 四川水利厅 (https://slt.sc.gov.cn)
[2026-05-31 04:54:28]     找到 12 条标讯
[2026-05-31 04:54:28]     近一个月: 10 条
[2026-05-31 04:54:44] 
[131/188] 四川文旅厅
[2026-05-31 04:54:44]   爬取: 四川文旅厅 (https://wlt.sc.gov.cn)
[2026-05-31 04:54:45]     找到 9 条标讯
[2026-05-31 04:54:45]     近一个月: 9 条
[2026-05-31 04:54:59] 
[132/188] 贵州公共资源交易中心
[2026-05-31 04:54:59]   爬取: 贵州公共资源交易中心 (https://ggzy.guizhou.gov.cn)
[2026-05-31 04:54:59]     找到 47 条标讯
[2026-05-31 04:54:59]     近一个月: 33 条
[2026-05-31 04:55:43] 
[133/188] 贵州教育厅
[2026-05-31 04:55:43]   爬取: 贵州教育厅 (https://jyt.guizhou.gov.cn)
[2026-05-31 04:55:43]     找到 3 条标讯
[2026-05-31 04:55:43]     近一个月: 3 条
[2026-05-31 04:55:50] 
[134/188] 贵州卫健委
[2026-05-31 04:55:50]   爬取: 贵州卫健委 (https://wjw.guizhou.gov.cn)
[2026-05-31 04:55:51]     找到 2 条标讯
[2026-05-31 04:55:51]     近一个月: 2 条
[2026-05-31 04:55:55] 
[135/188] 贵州自然资源厅
[2026-05-31 04:55:55]   爬取: 贵州自然资源厅 (https://zrzy.guizhou.gov.cn)
[2026-05-31 04:55:55]     找到 7 条标讯
[2026-05-31 04:55:55]     近一个月: 6 条
[2026-05-31 04:56:05] 
[136/188] 贵州生态环境厅
[2026-05-31 04:56:05]   爬取: 贵州生态环境厅 (https://sthj.guizhou.gov.cn)
[2026-05-31 04:56:05]     找到 11 条标讯
[2026-05-31 04:56:05]     近一个月: 10 条
[2026-05-31 04:56:20] 
[137/188] 云南教育厅
[2026-05-31 04:56:20]   爬取: 云南教育厅 (https://jyt.yn.gov.cn)
[2026-05-31 04:56:21]     找到 4 条标讯
[2026-05-31 04:56:21]     近一个月: 4 条
[2026-05-31 04:56:29] 
[138/188] 云南农业农村厅
[2026-05-31 04:56:29]   爬取: 云南农业农村厅 (https://nync.yn.gov.cn)
[2026-05-31 04:56:29]     找到 4 条标讯
[2026-05-31 04:56:29]     近一个月: 4 条
[2026-05-31 04:56:44] 
[139/188] 西藏公共资源交易中心
[2026-05-31 04:56:44]   爬取: 西藏公共资源交易中心 (https://ggzy.xizang.gov.cn)
[2026-05-31 04:56:45]     找到 2 条标讯
[2026-05-31 04:56:45]     近一个月: 2 条
[2026-05-31 04:56:50] 
[140/188] 西藏住建厅
[2026-05-31 04:56:50]   爬取: 西藏住建厅 (https://zjt.xizang.gov.cn)
[2026-05-31 04:56:50]     找到 31 条标讯
[2026-05-31 04:56:50]     近一个月: 28 条
[2026-05-31 04:57:33] 
[141/188] 西藏水利厅
[2026-05-31 04:57:33]   爬取: 西藏水利厅 (https://slt.xizang.gov.cn)
[2026-05-31 04:57:33]     找到 7 条标讯
[2026-05-31 04:57:33]     近一个月: 7 条
[2026-05-31 04:57:46] 
[142/188] 西藏卫健委
[2026-05-31 04:57:46]   爬取: 西藏卫健委 (https://wjw.xizang.gov.cn)
[2026-05-31 04:57:46]     找到 9 条标讯
[2026-05-31 04:57:46]     近一个月: 2 条
[2026-05-31 04:57:51] 
[143/188] 西藏文旅厅
[2026-05-31 04:57:51]   爬取: 西藏文旅厅 (https://wlt.xizang.gov.cn)
[2026-05-31 04:57:52]     找到 4 条标讯
[2026-05-31 04:57:52]     近一个月: 4 条
[2026-05-31 04:57:59] 
[144/188] 中国政府采购网陕西站
[2026-05-31 04:57:59]   爬取: 中国政府采购网陕西站 (https://www.ccgp-shaanxi.gov.cn)
[2026-05-31 04:58:00]     找到 12 条标讯
[2026-05-31 04:58:00]     近一个月: 12 条
[2026-05-31 04:58:20] 
[145/188] 陕西水利厅
[2026-05-31 04:58:20]   爬取: 陕西水利厅 (https://slt.shaanxi.gov.cn)
[2026-05-31 04:58:21]     找到 15 条标讯
[2026-05-31 04:58:21]     近一个月: 8 条
[2026-05-31 04:58:33] 
[146/188] 陕西教育厅
[2026-05-31 04:58:33]   爬取: 陕西教育厅 (https://jyt.shaanxi.gov.cn)
[2026-05-31 04:58:34]     找到 4 条标讯
[2026-05-31 04:58:34]     近一个月: 4 条
[2026-05-31 04:58:41] 
[147/188] 青海水利厅
[2026-05-31 04:58:41]   爬取: 青海水利厅 (https://slt.qinghai.gov.cn)
[2026-05-31 04:58:43]     找到 4 条标讯
[2026-05-31 04:58:43]     近一个月: 4 条
[2026-05-31 04:58:50] 
[148/188] 青海教育厅
[2026-05-31 04:58:50]   爬取: 青海教育厅 (https://jyt.qinghai.gov.cn)
[2026-05-31 04:58:51]     找到 1 条标讯
[2026-05-31 04:58:51]     近一个月: 1 条
[2026-05-31 04:58:52] 
[149/188] 新疆公共资源交易中心
[2026-05-31 04:58:52]   爬取: 新疆公共资源交易中心 (https://ggzy.xinjiang.gov.cn)
[2026-05-31 04:58:53]     找到 305 条标讯
[2026-05-31 04:58:53]     近一个月: 208 条
[2026-05-31 04:58:54] 
[149/188] 新疆公共资源交易中心
[2026-05-31 04:58:54]   爬取: 新疆公共资源交易中心 (https://ggzy.xinjiang.gov.cn)
[2026-05-31 04:58:55]     找到 305 条标讯
[2026-05-31 04:58:55]     近一个月: 208 条
[2026-05-31 05:00:01] 
[150/188] 新疆住建厅
[2026-05-31 05:00:01]   爬取: 新疆住建厅 (https://zjt.xinjiang.gov.cn)
[2026-05-31 05:00:01]     找到 3 条标讯
[2026-05-31 05:00:01]     近一个月: 1 条
[2026-05-31 05:00:02] 
[150/188] 新疆住建厅
[2026-05-31 05:00:02]   爬取: 新疆住建厅 (https://zjt.xinjiang.gov.cn)
[2026-05-31 05:00:03]     找到 3 条标讯
[2026-05-31 05:00:03]     近一个月: 1 条
[2026-05-31 05:00:05] 
[151/188] 新疆水利厅
[2026-05-31 05:00:05]   爬取: 新疆水利厅 (https://slt.xinjiang.gov.cn)
[2026-05-31 05:00:05]     找到 4 条标讯
[2026-05-31 05:00:05]     近一个月: 3 条
[2026-05-31 05:00:06] 
[151/188] 新疆水利厅
[2026-05-31 05:00:06]   爬取: 新疆水利厅 (https://slt.xinjiang.gov.cn)
[2026-05-31 05:00:07]     找到 4 条标讯
[2026-05-31 05:00:07]     近一个月: 3 条
[2026-05-31 05:00:15] 
[152/188] 新疆教育厅
[2026-05-31 05:00:15]   爬取: 新疆教育厅 (https://jyt.xinjiang.gov.cn)
[2026-05-31 05:00:15] 
[152/188] 新疆教育厅
[2026-05-31 05:00:15]   爬取: 新疆教育厅 (https://jyt.xinjiang.gov.cn)
[2026-05-31 05:00:15]     找到 6 条标讯
[2026-05-31 05:00:15]     近一个月: 6 条
[2026-05-31 05:00:16]     找到 6 条标讯
[2026-05-31 05:00:16]     近一个月: 6 条
[2026-05-31 05:00:27] 
[153/188] 新疆卫健委
[2026-05-31 05:00:27]   爬取: 新疆卫健委 (https://wjw.xinjiang.gov.cn)
[2026-05-31 05:00:27]     找到 2 条标讯
[2026-05-31 05:00:27]     近一个月: 2 条
[2026-05-31 05:00:28] 
[153/188] 新疆卫健委
[2026-05-31 05:00:28]   爬取: 新疆卫健委 (https://wjw.xinjiang.gov.cn)
[2026-05-31 05:00:28]     找到 2 条标讯
[2026-05-31 05:00:28]     近一个月: 2 条
[2026-05-31 05:00:33] 
[154/188] 新疆文旅厅
[2026-05-31 05:00:33]   爬取: 新疆文旅厅 (https://wlt.xinjiang.gov.cn)
[2026-05-31 05:00:33]     找到 2 条标讯
[2026-05-31 05:00:33]     近一个月: 2 条
[2026-05-31 05:00:34] 
[154/188] 新疆文旅厅
[2026-05-31 05:00:34]   爬取: 新疆文旅厅 (https://wlt.xinjiang.gov.cn)
[2026-05-31 05:00:35]     找到 2 条标讯
[2026-05-31 05:00:35]     近一个月: 2 条
[2026-05-31 05:00:38] 
[155/188] 兵团公共资源交易中心
[2026-05-31 05:00:38]   爬取: 兵团公共资源交易中心 (https://ggzy.xjbt.gov.cn)
[2026-05-31 05:00:39]     找到 6 条标讯
[2026-05-31 05:00:39]     近一个月: 5 条
[2026-05-31 05:00:40] 
[155/188] 兵团公共资源交易中心
[2026-05-31 05:00:40]   爬取: 兵团公共资源交易中心 (https://ggzy.xjbt.gov.cn)
[2026-05-31 05:00:40]     找到 6 条标讯
[2026-05-31 05:00:40]     近一个月: 5 条
[2026-05-31 05:00:47] 
[156/188] 中国政府采购网山东站
[2026-05-31 05:00:47]   爬取: 中国政府采购网山东站 (https://www.ccgp-shandong.gov.cn)
[2026-05-31 05:00:49] 
[156/188] 中国政府采购网山东站
[2026-05-31 05:00:49]   爬取: 中国政府采购网山东站 (https://www.ccgp-shandong.gov.cn)
[2026-05-31 05:01:10]     ✗ 未找到标讯
[2026-05-31 05:01:11]     ✗ 未找到标讯
[2026-05-31 05:01:12] 
[157/188] 山东水利厅
[2026-05-31 05:01:12]   爬取: 山东水利厅 (https://wr.shandong.gov.cn)
[2026-05-31 05:01:13] 
[157/188] 山东水利厅
[2026-05-31 05:01:13]   爬取: 山东水利厅 (https://wr.shandong.gov.cn)
[2026-05-31 05:01:21]     找到 2 条标讯
[2026-05-31 05:01:21]     近一个月: 2 条
[2026-05-31 05:01:21]     找到 2 条标讯
[2026-05-31 05:01:21]     近一个月: 2 条
[2026-05-31 05:01:25] 
[158/188] 山东教育厅
[2026-05-31 05:01:25]   爬取: 山东教育厅 (https://edu.shandong.gov.cn)
[2026-05-31 05:01:26]     找到 4 条标讯
[2026-05-31 05:01:26]     近一个月: 3 条
[2026-05-31 05:01:30] 
[158/188] 山东教育厅
[2026-05-31 05:01:30]   爬取: 山东教育厅 (https://edu.shandong.gov.cn)
[2026-05-31 05:01:30]     找到 4 条标讯
[2026-05-31 05:01:30]     近一个月: 3 条
[2026-05-31 05:01:32] 
[159/188] 山东卫健委
[2026-05-31 05:01:32]   爬取: 山东卫健委 (https://wsjkw.shandong.gov.cn)
[2026-05-31 05:01:36] 
[159/188] 山东卫健委
[2026-05-31 05:01:36]   爬取: 山东卫健委 (https://wsjkw.shandong.gov.cn)
[2026-05-31 05:01:39]     找到 6 条标讯
[2026-05-31 05:01:39]     近一个月: 6 条
[2026-05-31 05:01:39]     找到 6 条标讯
[2026-05-31 05:01:39]     近一个月: 6 条
[2026-05-31 05:03:51] 
[160/188] 山东农业农村厅
[2026-05-31 05:03:51]   爬取: 山东农业农村厅 (https://nync.shandong.gov.cn)
[2026-05-31 05:04:05] 
[160/188] 山东农业农村厅
[2026-05-31 05:04:05]   爬取: 山东农业农村厅 (https://nync.shandong.gov.cn)
[2026-05-31 05:04:14]     找到 2 条标讯
[2026-05-31 05:04:14]     ✗ 无近一个月标讯
[2026-05-31 05:04:16] 
[161/188] 山东自然资源厅
[2026-05-31 05:04:16]   爬取: 山东自然资源厅 (https://dnr.shandong.gov.cn)
[2026-05-31 05:04:28]     找到 2 条标讯
[2026-05-31 05:04:28]     ✗ 无近一个月标讯
[2026-05-31 05:04:30] 
[161/188] 山东自然资源厅
[2026-05-31 05:04:30]   爬取: 山东自然资源厅 (https://dnr.shandong.gov.cn)
[2026-05-31 05:04:57]     找到 3 条标讯
[2026-05-31 05:04:57]     近一个月: 3 条
[2026-05-31 05:05:11]     找到 3 条标讯
[2026-05-31 05:05:11]     近一个月: 3 条
[2026-05-31 05:07:07] 
[162/188] 山东生态环境厅
[2026-05-31 05:07:07]   爬取: 山东生态环境厅 (https://sthj.shandong.gov.cn)
[2026-05-31 05:07:21] 
[162/188] 山东生态环境厅
[2026-05-31 05:07:21]   爬取: 山东生态环境厅 (https://sthj.shandong.gov.cn)
[2026-05-31 05:07:31]     找到 4 条标讯
[2026-05-31 05:07:31]     近一个月: 4 条
[2026-05-31 05:07:31]     找到 4 条标讯
[2026-05-31 05:07:31]     近一个月: 4 条
[2026-05-31 05:08:00] 
[163/188] 山东文旅厅
[2026-05-31 05:08:00]   爬取: 山东文旅厅 (https://whly.shandong.gov.cn)
[2026-05-31 05:08:01]     ✗ 无法访问
[2026-05-31 05:08:03] 
[164/188] 山东公共资源交易中心
[2026-05-31 05:08:03]   爬取: 山东公共资源交易中心 (https://ggzyjy.shandong.gov.cn)
[2026-05-31 05:08:18]     找到 110 条标讯
[2026-05-31 05:08:18]     近一个月: 80 条
[2026-05-31 05:08:30] 
[163/188] 山东文旅厅
[2026-05-31 05:08:30]   爬取: 山东文旅厅 (https://whly.shandong.gov.cn)
[2026-05-31 05:08:30]     ✗ 无法访问
[2026-05-31 05:08:32] 
[164/188] 山东公共资源交易中心
[2026-05-31 05:08:32]   爬取: 山东公共资源交易中心 (https://ggzyjy.shandong.gov.cn)
[2026-05-31 05:08:39]       ✗ 错误: database is locked
[2026-05-31 05:08:47]       ✗ 错误: database is locked
[2026-05-31 05:08:48]     找到 110 条标讯
[2026-05-31 05:08:48]     近一个月: 80 条
[2026-05-31 05:08:56]       ✗ 错误: database is locked
[2026-05-31 05:09:04]       ✗ 错误: database is locked
[2026-05-31 05:09:04]       ✗ 错误: database is locked
[2026-05-31 05:09:04]       ✗ 错误: database is locked
[2026-05-31 05:09:04]       ✗ 错误: database is locked
[2026-05-31 05:09:04]       ✗ 错误: database is locked
[2026-05-31 05:09:04]       ✗ 错误: database is locked
[2026-05-31 05:09:05]       ✗ 错误: database is locked
[2026-05-31 05:09:05]       ✗ 错误: database is locked
[2026-05-31 05:09:05]       ✗ 错误: database is locked
[2026-05-31 05:09:29] 
[165/188] 山东交通厅
[2026-05-31 05:09:29]   爬取: 山东交通厅 (https://jtt.shandong.gov.cn)
[2026-05-31 05:09:29]     ✗ 未找到标讯
[2026-05-31 05:09:31] 
[166/188] 江西公共资源交易中心
[2026-05-31 05:09:31]   爬取: 江西公共资源交易中心 (https://ggzy.jiangxi.gov.cn)
[2026-05-31 05:09:31]     找到 33 条标讯
[2026-05-31 05:09:31]     近一个月: 22 条
[2026-05-31 05:09:37] 
[165/188] 山东交通厅
[2026-05-31 05:09:37]   爬取: 山东交通厅 (https://jtt.shandong.gov.cn)
[2026-05-31 05:09:38]     ✗ 未找到标讯
[2026-05-31 05:09:40] 
[166/188] 江西公共资源交易中心
[2026-05-31 05:09:40]   爬取: 江西公共资源交易中心 (https://ggzy.jiangxi.gov.cn)
[2026-05-31 05:09:40]     找到 33 条标讯
[2026-05-31 05:09:40]     近一个月: 22 条
[2026-05-31 05:09:46]       ✗ 错误: database is locked
[2026-05-31 05:09:49]       ✗ 错误: database is locked
[2026-05-31 05:09:49]       ✗ 错误: database is locked
[2026-05-31 05:09:49]       ✗ 错误: database is locked
[2026-05-31 05:09:49]       ✗ 错误: database is locked
[2026-05-31 05:09:49]       ✗ 错误: database is locked
[2026-05-31 05:09:50]       ✗ 错误: database is locked
[2026-05-31 05:09:50]       ✗ 错误: database is locked
[2026-05-31 05:09:50]       ✗ 错误: database is locked
[2026-05-31 05:09:51]       ✗ 错误: database is locked
[2026-05-31 05:09:56]       ✗ 错误: database is locked
[2026-05-31 05:09:58] 
[167/188] 中国政府采购网江西站
[2026-05-31 05:09:58]   爬取: 中国政府采购网江西站 (https://www.ccgp-jiangxi.gov.cn)
[2026-05-31 05:09:59]     ✗ 未找到标讯
[2026-05-31 05:10:01] 
[168/188] 江西住建厅
[2026-05-31 05:10:01]   爬取: 江西住建厅 (https://zjt.jiangxi.gov.cn)
[2026-05-31 05:10:01]       ✗ 错误: database is locked
[2026-05-31 05:10:01]     找到 1 条标讯
[2026-05-31 05:10:01]     近一个月: 1 条
[2026-05-31 05:10:04] 
[169/188] 江西交通运输厅
[2026-05-31 05:10:04]   爬取: 江西交通运输厅 (https://jtt.jiangxi.gov.cn)
[2026-05-31 05:10:04]     ✗ 无法访问
[2026-05-31 05:10:06]       ✗ 错误: database is locked
[2026-05-31 05:10:06] 
[170/188] 江西水利厅
[2026-05-31 05:10:06]   爬取: 江西水利厅 (https://slt.jiangxi.gov.cn)
[2026-05-31 05:10:07]     找到 1 条标讯
[2026-05-31 05:10:07]     近一个月: 1 条
[2026-05-31 05:10:10] 
[171/188] 江西教育厅
[2026-05-31 05:10:10]   爬取: 江西教育厅 (https://jyt.jiangxi.gov.cn)
[2026-05-31 05:10:10]     找到 1 条标讯
[2026-05-31 05:10:10]     近一个月: 1 条
[2026-05-31 05:10:11]       ✗ 错误: database is locked
[2026-05-31 05:10:13] 
[172/188] 江西卫健委
[2026-05-31 05:10:13]   爬取: 江西卫健委 (https://wjw.jiangxi.gov.cn)
[2026-05-31 05:10:13]     ✗ 无法访问
[2026-05-31 05:10:15] 
[173/188] 江西农业农村厅
[2026-05-31 05:10:15]   爬取: 江西农业农村厅 (https://nync.jiangxi.gov.cn)
[2026-05-31 05:10:16]     找到 1 条标讯
[2026-05-31 05:10:16]     近一个月: 1 条
[2026-05-31 05:10:16]       ✗ 错误: database is locked
[2026-05-31 05:10:19] 
[174/188] 江西自然资源厅
[2026-05-31 05:10:19]   爬取: 江西自然资源厅 (https://zrzy.jiangxi.gov.cn)
[2026-05-31 05:10:19]     ✗ 无法访问
[2026-05-31 05:10:21] 
[175/188] 江西生态环境厅
[2026-05-31 05:10:21]   爬取: 江西生态环境厅 (https://sthj.jiangxi.gov.cn)
[2026-05-31 05:10:21]     ✗ 无法访问
[2026-05-31 05:10:21]       ✗ 错误: database is locked
[2026-05-31 05:10:23] 
[176/188] 江西文旅厅
[2026-05-31 05:10:23]   爬取: 江西文旅厅 (https://wlt.jiangxi.gov.cn)
[2026-05-31 05:10:23]     ✗ 无法访问
[2026-05-31 05:10:25] 
[177/188] 广西公共资源交易中心
[2026-05-31 05:10:25]   爬取: 广西公共资源交易中心 (https://ggzy.gxzf.gov.cn)
[2026-05-31 05:10:25]     ✗ 无法访问
[2026-05-31 05:10:27] 
[178/188] 中国政府采购网广西站
[2026-05-31 05:10:27]   爬取: 中国政府采购网广西站 (https://www.ccgp-guangxi.gov.cn)
[2026-05-31 04:58:18]   爬取: 陕西水利厅 (https://slt.shaanxi.gov.cn)
[2026-05-31 04:58:18]     找到 15 条标讯
[2026-05-31 04:58:18]     近一个月: 8 条
[2026-05-31 04:58:31] 
[146/188] 陕西教育厅
[2026-05-31 04:58:31]   爬取: 陕西教育厅 (https://jyt.shaanxi.gov.cn)
[2026-05-31 04:58:31]     找到 4 条标讯
[2026-05-31 04:58:31]     近一个月: 4 条
[2026-05-31 04:58:38] 
[147/188] 青海水利厅
[2026-05-31 04:58:38]   爬取: 青海水利厅 (https://slt.qinghai.gov.cn)
[2026-05-31 04:58:41]     找到 4 条标讯
[2026-05-31 04:58:41]     近一个月: 4 条
[2026-05-31 04:58:48] 
[148/188] 青海教育厅
[2026-05-31 04:58:48]   爬取: 青海教育厅 (https://jyt.qinghai.gov.cn)
[2026-05-31 04:58:49]     找到 1 条标讯
[2026-05-31 04:58:49]     近一个月: 1 条
[2026-05-31 04:58:52] 
[149/188] 新疆公共资源交易中心
[2026-05-31 04:58:52]   爬取: 新疆公共资源交易中心 (https://ggzy.xinjiang.gov.cn)
[2026-05-31 04:58:53]     找到 305 条标讯
[2026-05-31 04:58:53]     近一个月: 208 条
[2026-05-31 05:00:01] 
[150/188] 新疆住建厅
[2026-05-31 05:00:01]   爬取: 新疆住建厅 (https://zjt.xinjiang.gov.cn)
[2026-05-31 05:00:01]     找到 3 条标讯
[2026-05-31 05:00:01]     近一个月: 1 条
[2026-05-31 05:00:05] 
[151/188] 新疆水利厅
[2026-05-31 05:00:05]   爬取: 新疆水利厅 (https://slt.xinjiang.gov.cn)
[2026-05-31 05:00:05]     找到 4 条标讯
[2026-05-31 05:00:05]     近一个月: 3 条
[2026-05-31 05:00:15] 
[152/188] 新疆教育厅
[2026-05-31 05:00:15]   爬取: 新疆教育厅 (https://jyt.xinjiang.gov.cn)
[2026-05-31 05:00:15]     找到 6 条标讯
[2026-05-31 05:00:15]     近一个月: 6 条
[2026-05-31 05:00:28] 
[153/188] 新疆卫健委
[2026-05-31 05:00:28]   爬取: 新疆卫健委 (https://wjw.xinjiang.gov.cn)
[2026-05-31 05:00:28]     找到 2 条标讯
[2026-05-31 05:00:28]     近一个月: 2 条
[2026-05-31 05:00:34] 
[154/188] 新疆文旅厅
[2026-05-31 05:00:34]   爬取: 新疆文旅厅 (https://wlt.xinjiang.gov.cn)
[2026-05-31 05:00:35]     找到 2 条标讯
[2026-05-31 05:00:35]     近一个月: 2 条
[2026-05-31 05:00:40] 
[155/188] 兵团公共资源交易中心
[2026-05-31 05:00:40]   爬取: 兵团公共资源交易中心 (https://ggzy.xjbt.gov.cn)
[2026-05-31 05:00:40]     找到 6 条标讯
[2026-05-31 05:00:40]     近一个月: 5 条
[2026-05-31 05:00:49] 
[156/188] 中国政府采购网山东站
[2026-05-31 05:00:49]   爬取: 中国政府采购网山东站 (https://www.ccgp-shandong.gov.cn)
[2026-05-31 05:01:11]     ✗ 未找到标讯
[2026-05-31 05:01:13] 
[157/188] 山东水利厅
[2026-05-31 05:01:13]   爬取: 山东水利厅 (https://wr.shandong.gov.cn)
[2026-05-31 05:01:21]     找到 2 条标讯
[2026-05-31 05:01:21]     近一个月: 2 条
[2026-05-31 05:01:25] 
[158/188] 山东教育厅
[2026-05-31 05:01:25]   爬取: 山东教育厅 (https://edu.shandong.gov.cn)
[2026-05-31 05:01:26]     找到 4 条标讯
[2026-05-31 05:01:26]     近一个月: 3 条
[2026-05-31 05:01:32] 
[159/188] 山东卫健委
[2026-05-31 05:01:32]   爬取: 山东卫健委 (https://wsjkw.shandong.gov.cn)
[2026-05-31 05:01:39]     找到 6 条标讯
[2026-05-31 05:01:39]     近一个月: 6 条
[2026-05-31 05:04:05] 
[160/188] 山东农业农村厅
[2026-05-31 05:04:05]   爬取: 山东农业农村厅 (https://nync.shandong.gov.cn)
[2026-05-31 05:04:28]     找到 2 条标讯
[2026-05-31 05:04:28]     ✗ 无近一个月标讯
[2026-05-31 05:04:30] 
[161/188] 山东自然资源厅
[2026-05-31 05:04:30]   爬取: 山东自然资源厅 (https://dnr.shandong.gov.cn)
[2026-05-31 05:05:11]     找到 3 条标讯
[2026-05-31 05:05:11]     近一个月: 3 条
[2026-05-31 05:07:21] 
[162/188] 山东生态环境厅
[2026-05-31 05:07:21]   爬取: 山东生态环境厅 (https://sthj.shandong.gov.cn)
[2026-05-31 05:07:31]     找到 4 条标讯
[2026-05-31 05:07:31]     近一个月: 4 条
[2026-05-31 05:08:30] 
[163/188] 山东文旅厅
[2026-05-31 05:08:30]   爬取: 山东文旅厅 (https://whly.shandong.gov.cn)
[2026-05-31 05:08:30]     ✗ 无法访问
[2026-05-31 05:08:32] 
[164/188] 山东公共资源交易中心
[2026-05-31 05:08:32]   爬取: 山东公共资源交易中心 (https://ggzyjy.shandong.gov.cn)
[2026-05-31 05:08:48]     找到 110 条标讯
[2026-05-31 05:08:48]     近一个月: 80 条
[2026-05-31 05:09:04]       ✗ 错误: database is locked
[2026-05-31 05:09:04]       ✗ 错误: database is locked
[2026-05-31 05:09:04]       ✗ 错误: database is locked
[2026-05-31 05:09:04]       ✗ 错误: database is locked
[2026-05-31 05:09:04]       ✗ 错误: database is locked
[2026-05-31 05:09:04]       ✗ 错误: database is locked
[2026-05-31 05:09:05]       ✗ 错误: database is locked
[2026-05-31 05:09:05]       ✗ 错误: database is locked
[2026-05-31 05:09:05]       ✗ 错误: database is locked
[2026-05-31 05:09:37] 
[165/188] 山东交通厅
[2026-05-31 05:09:37]   爬取: 山东交通厅 (https://jtt.shandong.gov.cn)
[2026-05-31 05:09:38]     ✗ 未找到标讯
[2026-05-31 05:09:40] 
[166/188] 江西公共资源交易中心
[2026-05-31 05:09:40]   爬取: 江西公共资源交易中心 (https://ggzy.jiangxi.gov.cn)
[2026-05-31 05:09:40]     找到 33 条标讯
[2026-05-31 05:09:40]     近一个月: 22 条
[2026-05-31 05:09:49]       ✗ 错误: database is locked
[2026-05-31 05:09:49]       ✗ 错误: database is locked
[2026-05-31 05:09:49]       ✗ 错误: database is locked
[2026-05-31 05:09:49]       ✗ 错误: database is locked
[2026-05-31 05:09:49]       ✗ 错误: database is locked
[2026-05-31 05:09:50]       ✗ 错误: database is locked
[2026-05-31 05:09:50]       ✗ 错误: database is locked
[2026-05-31 05:09:50]       ✗ 错误: database is locked
[2026-05-31 05:09:58] 
[167/188] 中国政府采购网江西站
[2026-05-31 05:09:58]   爬取: 中国政府采购网江西站 (https://www.ccgp-jiangxi.gov.cn)
[2026-05-31 05:09:59]     ✗ 未找到标讯
[2026-05-31 05:10:01] 
[168/188] 江西住建厅
[2026-05-31 05:10:01]   爬取: 江西住建厅 (https://zjt.jiangxi.gov.cn)
[2026-05-31 05:10:01]     找到 1 条标讯
[2026-05-31 05:10:01]     近一个月: 1 条
[2026-05-31 05:10:04] 
[169/188] 江西交通运输厅
[2026-05-31 05:10:04]   爬取: 江西交通运输厅 (https://jtt.jiangxi.gov.cn)
[2026-05-31 05:10:04]     ✗ 无法访问
[2026-05-31 05:10:06] 
[170/188] 江西水利厅
[2026-05-31 05:10:06]   爬取: 江西水利厅 (https://slt.jiangxi.gov.cn)
[2026-05-31 05:10:07]     找到 1 条标讯
[2026-05-31 05:10:07]     近一个月: 1 条
[2026-05-31 05:10:10] 
[171/188] 江西教育厅
[2026-05-31 05:10:10]   爬取: 江西教育厅 (https://jyt.jiangxi.gov.cn)
[2026-05-31 05:10:10]     找到 1 条标讯
[2026-05-31 05:10:10]     近一个月: 1 条
[2026-05-31 05:10:13] 
[172/188] 江西卫健委
[2026-05-31 05:10:13]   爬取: 江西卫健委 (https://wjw.jiangxi.gov.cn)
[2026-05-31 05:10:13]     ✗ 无法访问
[2026-05-31 05:10:15] 
[173/188] 江西农业农村厅
[2026-05-31 05:10:15]   爬取: 江西农业农村厅 (https://nync.jiangxi.gov.cn)
[2026-05-31 05:10:16]     找到 1 条标讯
[2026-05-31 05:10:16]     近一个月: 1 条
[2026-05-31 05:10:19] 
[174/188] 江西自然资源厅
[2026-05-31 05:10:19]   爬取: 江西自然资源厅 (https://zrzy.jiangxi.gov.cn)
[2026-05-31 05:10:19]     ✗ 无法访问
[2026-05-31 05:10:21] 
[175/188] 江西生态环境厅
[2026-05-31 05:10:21]   爬取: 江西生态环境厅 (https://sthj.jiangxi.gov.cn)
[2026-05-31 05:10:21]     ✗ 无法访问
[2026-05-31 05:10:23] 
[176/188] 江西文旅厅
[2026-05-31 05:10:23]   爬取: 江西文旅厅 (https://wlt.jiangxi.gov.cn)
[2026-05-31 05:10:23]     ✗ 无法访问
[2026-05-31 05:10:25] 
[177/188] 广西公共资源交易中心
[2026-05-31 05:10:25]   爬取: 广西公共资源交易中心 (https://ggzy.gxzf.gov.cn)
[2026-05-31 05:10:25]     ✗ 无法访问
[2026-05-31 05:10:27] 
[178/188] 中国政府采购网广西站
[2026-05-31 05:10:27]   爬取: 中国政府采购网广西站 (https://www.ccgp-guangxi.gov.cn)
[2026-05-31 05:10:28]     ✗ 未找到标讯
[2026-05-31 05:10:30] 
[179/188] 广西住建厅
[2026-05-31 05:10:30]   爬取: 广西住建厅 (https://zjt.gxzf.gov.cn)
[2026-05-31 05:10:30]     找到 4 条标讯
[2026-05-31 05:10:30]     近一个月: 4 条
[2026-05-31 05:10:30] 
[167/188] 中国政府采购网江西站
[2026-05-31 05:10:30]   爬取: 中国政府采购网江西站 (https://www.ccgp-jiangxi.gov.cn)
[2026-05-31 05:10:30]       ✗ 错误: database is locked
[2026-05-31 05:10:30]     ✗ 未找到标讯
[2026-05-31 05:10:32] 
[168/188] 江西住建厅
[2026-05-31 05:10:32]   爬取: 江西住建厅 (https://zjt.jiangxi.gov.cn)
[2026-05-31 05:10:33]     找到 1 条标讯
[2026-05-31 05:10:33]     近一个月: 1 条
[2026-05-31 05:10:36] 
[169/188] 江西交通运输厅
[2026-05-31 05:10:36]   爬取: 江西交通运输厅 (https://jtt.jiangxi.gov.cn)
[2026-05-31 05:10:36]     ✗ 无法访问
[2026-05-31 05:10:36] 
[180/188] 广西交通运输厅
[2026-05-31 05:10:36]   爬取: 广西交通运输厅 (https://jtt.gxzf.gov.cn)
[2026-05-31 05:10:37]     找到 3 条标讯
[2026-05-31 05:10:37]     近一个月: 3 条
[2026-05-31 05:10:38] 
[170/188] 江西水利厅
[2026-05-31 05:10:38]   爬取: 江西水利厅 (https://slt.jiangxi.gov.cn)
[2026-05-31 05:10:38]     找到 1 条标讯
[2026-05-31 05:10:38]     近一个月: 1 条
[2026-05-31 05:10:41] 
[171/188] 江西教育厅
[2026-05-31 05:10:41]   爬取: 江西教育厅 (https://jyt.jiangxi.gov.cn)
[2026-05-31 05:10:42]     找到 1 条标讯
[2026-05-31 05:10:42]     近一个月: 1 条
[2026-05-31 05:10:43] 
[181/188] 广西水利厅
[2026-05-31 05:10:43]   爬取: 广西水利厅 (https://slt.gxzf.gov.cn)
[2026-05-31 05:10:43]     找到 28 条标讯
[2026-05-31 05:10:43]     近一个月: 22 条
[2026-05-31 05:10:45] 
[172/188] 江西卫健委
[2026-05-31 05:10:45]   爬取: 江西卫健委 (https://wjw.jiangxi.gov.cn)
[2026-05-31 05:10:45]     ✗ 无法访问
[2026-05-31 05:10:47] 
[173/188] 江西农业农村厅
[2026-05-31 05:10:47]   爬取: 江西农业农村厅 (https://nync.jiangxi.gov.cn)
[2026-05-31 05:10:47]     找到 1 条标讯
[2026-05-31 05:10:47]     近一个月: 1 条
[2026-05-31 05:10:50] 
[174/188] 江西自然资源厅
[2026-05-31 05:10:50]   爬取: 江西自然资源厅 (https://zrzy.jiangxi.gov.cn)
[2026-05-31 05:10:50]     ✗ 无法访问
[2026-05-31 05:10:52] 
[175/188] 江西生态环境厅
[2026-05-31 05:10:52]   爬取: 江西生态环境厅 (https://sthj.jiangxi.gov.cn)
[2026-05-31 05:10:52]     ✗ 无法访问
[2026-05-31 05:10:54] 
[176/188] 江西文旅厅
[2026-05-31 05:10:54]   爬取: 江西文旅厅 (https://wlt.jiangxi.gov.cn)
[2026-05-31 05:10:54]     ✗ 无法访问
[2026-05-31 05:10:56] 
[177/188] 广西公共资源交易中心
[2026-05-31 05:10:56]   爬取: 广西公共资源交易中心 (https://ggzy.gxzf.gov.cn)
[2026-05-31 05:10:56]     ✗ 无法访问
[2026-05-31 05:10:58] 
[178/188] 中国政府采购网广西站
[2026-05-31 05:10:58]   爬取: 中国政府采购网广西站 (https://www.ccgp-guangxi.gov.cn)
[2026-05-31 05:10:59]     ✗ 未找到标讯
[2026-05-31 05:11:01] 
[179/188] 广西住建厅
[2026-05-31 05:11:01]   爬取: 广西住建厅 (https://zjt.gxzf.gov.cn)
[2026-05-31 05:11:01]     找到 4 条标讯
[2026-05-31 05:11:01]     近一个月: 4 条
[2026-05-31 05:11:07]       ✗ 错误: database is locked
[2026-05-31 05:11:10]       ✗ 错误: database is locked
[2026-05-31 05:11:10]       ✗ 错误: database is locked
[2026-05-31 05:11:10]       ✗ 错误: database is locked
[2026-05-31 05:11:12] 
[182/188] 广西教育厅
[2026-05-31 05:11:12]   爬取: 广西教育厅 (https://jyt.gxzf.gov.cn)
[2026-05-31 05:11:13] 
[180/188] 广西交通运输厅
[2026-05-31 05:11:13]   爬取: 广西交通运输厅 (https://jtt.gxzf.gov.cn)
[2026-05-31 05:11:13]     找到 2 条标讯
[2026-05-31 05:11:13]     近一个月: 2 条
[2026-05-31 05:11:13]     找到 3 条标讯
[2026-05-31 05:11:13]     近一个月: 3 条
[2026-05-31 05:11:17] 
[183/188] 广西卫健委
[2026-05-31 05:11:17]   爬取: 广西卫健委 (https://wjw.gxzf.gov.cn)
[2026-05-31 05:11:18]     ✗ 无法访问
[2026-05-31 05:11:19] 
[181/188] 广西水利厅
[2026-05-31 05:11:19]   爬取: 广西水利厅 (https://slt.gxzf.gov.cn)
[2026-05-31 05:11:20] 
[184/188] 广西农业农村厅
[2026-05-31 05:11:20]   爬取: 广西农业农村厅 (https://nync.gxzf.gov.cn)
[2026-05-31 05:11:20]     ✗ 无法访问
[2026-05-31 05:11:20]     找到 28 条标讯
[2026-05-31 05:11:20]     近一个月: 22 条
[2026-05-31 05:11:22] 
[185/188] 广西自然资源厅
[2026-05-31 05:11:22]   爬取: 广西自然资源厅 (https://zrzy.gxzf.gov.cn)
[2026-05-31 05:11:22]     ✗ 无法访问
[2026-05-31 05:11:24] 
[186/188] 广西生态环境厅
[2026-05-31 05:11:24]   爬取: 广西生态环境厅 (https://sthj.gxzf.gov.cn)
[2026-05-31 05:11:24]     ✗ 无法访问
[2026-05-31 05:11:26] 
[187/188] 广西文旅厅
[2026-05-31 05:11:26]   爬取: 广西文旅厅 (https://wlt.gxzf.gov.cn)
[2026-05-31 05:11:26]     找到 1 条标讯
[2026-05-31 05:11:26]     近一个月: 1 条
[2026-05-31 05:11:29] 
[188/188] 天津水务局
[2026-05-31 05:11:29]   爬取: 天津水务局 (https://swj.tj.gov.cn)
[2026-05-31 05:11:30]     找到 2 条标讯
[2026-05-31 05:11:30]     近一个月: 2 条
[2026-05-31 05:11:36] 
============================================================
[2026-05-31 05:11:36] 爬取完成!
[2026-05-31 05:11:36] 成功平台: 2/188
[2026-05-31 05:11:36] 新增标讯: 6
[2026-05-31 05:11:36] ============================================================
[2026-05-31 05:11:36] 数据库总量: 2773 条
[2026-05-31 05:11:36] 有内容: 2 条
[2026-05-31 05:10:28]     ✗ 未找到标讯
[2026-05-31 05:10:30] 
[179/188] 广西住建厅
[2026-05-31 05:10:30]   爬取: 广西住建厅 (https://zjt.gxzf.gov.cn)
[2026-05-31 05:10:30]     找到 4 条标讯
[2026-05-31 05:10:30]     近一个月: 4 条
[2026-05-31 05:10:30]       ✗ 错误: database is locked
[2026-05-31 05:10:36] 
[180/188] 广西交通运输厅
[2026-05-31 05:10:36]   爬取: 广西交通运输厅 (https://jtt.gxzf.gov.cn)
[2026-05-31 05:10:37]     找到 3 条标讯
[2026-05-31 05:10:37]     近一个月: 3 条
[2026-05-31 05:10:43] 
[181/188] 广西水利厅
[2026-05-31 05:10:43]   爬取: 广西水利厅 (https://slt.gxzf.gov.cn)
[2026-05-31 05:10:43]     找到 28 条标讯
[2026-05-31 05:10:43]     近一个月: 22 条
[2026-05-31 05:11:10]       ✗ 错误: database is locked
[2026-05-31 05:11:10]       ✗ 错误: database is locked
[2026-05-31 05:11:10]       ✗ 错误: database is locked
[2026-05-31 05:11:12] 
[182/188] 广西教育厅
[2026-05-31 05:11:12]   爬取: 广西教育厅 (https://jyt.gxzf.gov.cn)
[2026-05-31 05:11:13]     找到 2 条标讯
[2026-05-31 05:11:13]     近一个月: 2 条
[2026-05-31 05:11:17] 
[183/188] 广西卫健委
[2026-05-31 05:11:17]   爬取: 广西卫健委 (https://wjw.gxzf.gov.cn)
[2026-05-31 05:11:18]     ✗ 无法访问
[2026-05-31 05:11:20] 
[184/188] 广西农业农村厅
[2026-05-31 05:11:20]   爬取: 广西农业农村厅 (https://nync.gxzf.gov.cn)
[2026-05-31 05:11:20]     ✗ 无法访问
[2026-05-31 05:11:22] 
[185/188] 广西自然资源厅
[2026-05-31 05:11:22]   爬取: 广西自然资源厅 (https://zrzy.gxzf.gov.cn)
[2026-05-31 05:11:22]     ✗ 无法访问
[2026-05-31 05:11:24] 
[186/188] 广西生态环境厅
[2026-05-31 05:11:24]   爬取: 广西生态环境厅 (https://sthj.gxzf.gov.cn)
[2026-05-31 05:11:24]     ✗ 无法访问
[2026-05-31 05:11:26] 
[187/188] 广西文旅厅
[2026-05-31 05:11:26]   爬取: 广西文旅厅 (https://wlt.gxzf.gov.cn)
[2026-05-31 05:11:26]     找到 1 条标讯
[2026-05-31 05:11:26]     近一个月: 1 条
[2026-05-31 05:11:29] 
[188/188] 天津水务局
[2026-05-31 05:11:29]   爬取: 天津水务局 (https://swj.tj.gov.cn)
[2026-05-31 05:11:30]     找到 2 条标讯
[2026-05-31 05:11:30]     近一个月: 2 条
[2026-05-31 05:11:36] 
============================================================
[2026-05-31 05:11:36] 爬取完成!
[2026-05-31 05:11:36] 成功平台: 2/188
[2026-05-31 05:11:36] 新增标讯: 6
[2026-05-31 05:11:36] ============================================================
[2026-05-31 05:11:36] 数据库总量: 2773 条
[2026-05-31 05:11:36] 有内容: 2 条
[2026-05-31 05:11:46]       ✓ G7221衡阳—南宁公路（龙胜至融安段）弃渣场变更水土保持方案补充报告书审批准予...
[2026-05-31 05:11:47]       ✓ G72泉州至南宁高速公路广西桂林至柳州段改扩建工程K1185+700左侧弃渣场变...
[2026-05-31 04:58:51]     找到 1 条标讯
[2026-05-31 04:58:51]     近一个月: 1 条
[2026-05-31 04:58:54] 
[149/188] 新疆公共资源交易中心
[2026-05-31 04:58:54]   爬取: 新疆公共资源交易中心 (https://ggzy.xinjiang.gov.cn)
[2026-05-31 04:58:55]     找到 305 条标讯
[2026-05-31 04:58:55]     近一个月: 208 条
[2026-05-31 05:00:02] 
[150/188] 新疆住建厅
[2026-05-31 05:00:02]   爬取: 新疆住建厅 (https://zjt.xinjiang.gov.cn)
[2026-05-31 05:00:03]     找到 3 条标讯
[2026-05-31 05:00:03]     近一个月: 1 条
[2026-05-31 05:00:06] 
[151/188] 新疆水利厅
[2026-05-31 05:00:06]   爬取: 新疆水利厅 (https://slt.xinjiang.gov.cn)
[2026-05-31 05:00:07]     找到 4 条标讯
[2026-05-31 05:00:07]     近一个月: 3 条
[2026-05-31 05:00:15] 
[152/188] 新疆教育厅
[2026-05-31 05:00:15]   爬取: 新疆教育厅 (https://jyt.xinjiang.gov.cn)
[2026-05-31 05:00:16]     找到 6 条标讯
[2026-05-31 05:00:16]     近一个月: 6 条
[2026-05-31 05:00:27] 
[153/188] 新疆卫健委
[2026-05-31 05:00:27]   爬取: 新疆卫健委 (https://wjw.xinjiang.gov.cn)
[2026-05-31 05:00:27]     找到 2 条标讯
[2026-05-31 05:00:27]     近一个月: 2 条
[2026-05-31 05:00:33] 
[154/188] 新疆文旅厅
[2026-05-31 05:00:33]   爬取: 新疆文旅厅 (https://wlt.xinjiang.gov.cn)
[2026-05-31 05:00:33]     找到 2 条标讯
[2026-05-31 05:00:33]     近一个月: 2 条
[2026-05-31 05:00:38] 
[155/188] 兵团公共资源交易中心
[2026-05-31 05:00:38]   爬取: 兵团公共资源交易中心 (https://ggzy.xjbt.gov.cn)
[2026-05-31 05:00:39]     找到 6 条标讯
[2026-05-31 05:00:39]     近一个月: 5 条
[2026-05-31 05:00:47] 
[156/188] 中国政府采购网山东站
[2026-05-31 05:00:47]   爬取: 中国政府采购网山东站 (https://www.ccgp-shandong.gov.cn)
[2026-05-31 05:01:10]     ✗ 未找到标讯
[2026-05-31 05:01:12] 
[157/188] 山东水利厅
[2026-05-31 05:01:12]   爬取: 山东水利厅 (https://wr.shandong.gov.cn)
[2026-05-31 05:01:21]     找到 2 条标讯
[2026-05-31 05:01:21]     近一个月: 2 条
[2026-05-31 05:01:30] 
[158/188] 山东教育厅
[2026-05-31 05:01:30]   爬取: 山东教育厅 (https://edu.shandong.gov.cn)
[2026-05-31 05:01:30]     找到 4 条标讯
[2026-05-31 05:01:30]     近一个月: 3 条
[2026-05-31 05:01:36] 
[159/188] 山东卫健委
[2026-05-31 05:01:36]   爬取: 山东卫健委 (https://wsjkw.shandong.gov.cn)
[2026-05-31 05:01:39]     找到 6 条标讯
[2026-05-31 05:01:39]     近一个月: 6 条
[2026-05-31 05:03:51] 
[160/188] 山东农业农村厅
[2026-05-31 05:03:51]   爬取: 山东农业农村厅 (https://nync.shandong.gov.cn)
[2026-05-31 05:04:14]     找到 2 条标讯
[2026-05-31 05:04:14]     ✗ 无近一个月标讯
[2026-05-31 05:04:16] 
[161/188] 山东自然资源厅
[2026-05-31 05:04:16]   爬取: 山东自然资源厅 (https://dnr.shandong.gov.cn)
[2026-05-31 05:04:57]     找到 3 条标讯
[2026-05-31 05:04:57]     近一个月: 3 条
[2026-05-31 05:07:07] 
[162/188] 山东生态环境厅
[2026-05-31 05:07:07]   爬取: 山东生态环境厅 (https://sthj.shandong.gov.cn)
[2026-05-31 05:07:31]     找到 4 条标讯
[2026-05-31 05:07:31]     近一个月: 4 条
[2026-05-31 05:08:00] 
[163/188] 山东文旅厅
[2026-05-31 05:08:00]   爬取: 山东文旅厅 (https://whly.shandong.gov.cn)
[2026-05-31 05:08:01]     ✗ 无法访问
[2026-05-31 05:08:03] 
[164/188] 山东公共资源交易中心
[2026-05-31 05:08:03]   爬取: 山东公共资源交易中心 (https://ggzyjy.shandong.gov.cn)
[2026-05-31 05:08:18]     找到 110 条标讯
[2026-05-31 05:08:18]     近一个月: 80 条
[2026-05-31 05:08:39]       ✗ 错误: database is locked
[2026-05-31 05:08:47]       ✗ 错误: database is locked
[2026-05-31 05:08:56]       ✗ 错误: database is locked
[2026-05-31 05:09:29] 
[165/188] 山东交通厅
[2026-05-31 05:09:29]   爬取: 山东交通厅 (https://jtt.shandong.gov.cn)
[2026-05-31 05:09:29]     ✗ 未找到标讯
[2026-05-31 05:09:31] 
[166/188] 江西公共资源交易中心
[2026-05-31 05:09:31]   爬取: 江西公共资源交易中心 (https://ggzy.jiangxi.gov.cn)
[2026-05-31 05:09:31]     找到 33 条标讯
[2026-05-31 05:09:31]     近一个月: 22 条
[2026-05-31 05:09:46]       ✗ 错误: database is locked
[2026-05-31 05:09:51]       ✗ 错误: database is locked
[2026-05-31 05:09:56]       ✗ 错误: database is locked
[2026-05-31 05:10:01]       ✗ 错误: database is locked
[2026-05-31 05:10:06]       ✗ 错误: database is locked
[2026-05-31 05:10:11]       ✗ 错误: database is locked
[2026-05-31 05:10:16]       ✗ 错误: database is locked
[2026-05-31 05:10:21]       ✗ 错误: database is locked
[2026-05-31 05:10:30] 
[167/188] 中国政府采购网江西站
[2026-05-31 05:10:30]   爬取: 中国政府采购网江西站 (https://www.ccgp-jiangxi.gov.cn)
[2026-05-31 05:10:30]     ✗ 未找到标讯
[2026-05-31 05:10:32] 
[168/188] 江西住建厅
[2026-05-31 05:10:32]   爬取: 江西住建厅 (https://zjt.jiangxi.gov.cn)
[2026-05-31 05:10:33]     找到 1 条标讯
[2026-05-31 05:10:33]     近一个月: 1 条
[2026-05-31 05:10:36] 
[169/188] 江西交通运输厅
[2026-05-31 05:10:36]   爬取: 江西交通运输厅 (https://jtt.jiangxi.gov.cn)
[2026-05-31 05:10:36]     ✗ 无法访问
[2026-05-31 05:10:38] 
[170/188] 江西水利厅
[2026-05-31 05:10:38]   爬取: 江西水利厅 (https://slt.jiangxi.gov.cn)
[2026-05-31 05:10:38]     找到 1 条标讯
[2026-05-31 05:10:38]     近一个月: 1 条
[2026-05-31 05:10:41] 
[171/188] 江西教育厅
[2026-05-31 05:10:41]   爬取: 江西教育厅 (https://jyt.jiangxi.gov.cn)
[2026-05-31 05:10:42]     找到 1 条标讯
[2026-05-31 05:10:42]     近一个月: 1 条
[2026-05-31 05:10:45] 
[172/188] 江西卫健委
[2026-05-31 05:10:45]   爬取: 江西卫健委 (https://wjw.jiangxi.gov.cn)
[2026-05-31 05:10:45]     ✗ 无法访问
[2026-05-31 05:10:47] 
[173/188] 江西农业农村厅
[2026-05-31 05:10:47]   爬取: 江西农业农村厅 (https://nync.jiangxi.gov.cn)
[2026-05-31 05:10:47]     找到 1 条标讯
[2026-05-31 05:10:47]     近一个月: 1 条
[2026-05-31 05:10:50] 
[174/188] 江西自然资源厅
[2026-05-31 05:10:50]   爬取: 江西自然资源厅 (https://zrzy.jiangxi.gov.cn)
[2026-05-31 05:10:50]     ✗ 无法访问
[2026-05-31 05:10:52] 
[175/188] 江西生态环境厅
[2026-05-31 05:10:52]   爬取: 江西生态环境厅 (https://sthj.jiangxi.gov.cn)
[2026-05-31 05:10:52]     ✗ 无法访问
[2026-05-31 05:10:54] 
[176/188] 江西文旅厅
[2026-05-31 05:10:54]   爬取: 江西文旅厅 (https://wlt.jiangxi.gov.cn)
[2026-05-31 05:10:54]     ✗ 无法访问
[2026-05-31 05:10:56] 
[177/188] 广西公共资源交易中心
[2026-05-31 05:10:56]   爬取: 广西公共资源交易中心 (https://ggzy.gxzf.gov.cn)
[2026-05-31 05:10:56]     ✗ 无法访问
[2026-05-31 05:10:58] 
[178/188] 中国政府采购网广西站
[2026-05-31 05:10:58]   爬取: 中国政府采购网广西站 (https://www.ccgp-guangxi.gov.cn)
[2026-05-31 05:10:59]     ✗ 未找到标讯
[2026-05-31 05:11:01] 
[179/188] 广西住建厅
[2026-05-31 05:11:01]   爬取: 广西住建厅 (https://zjt.gxzf.gov.cn)
[2026-05-31 05:11:01]     找到 4 条标讯
[2026-05-31 05:11:01]     近一个月: 4 条
[2026-05-31 05:11:07]       ✗ 错误: database is locked
[2026-05-31 05:11:13] 
[180/188] 广西交通运输厅
[2026-05-31 05:11:13]   爬取: 广西交通运输厅 (https://jtt.gxzf.gov.cn)
[2026-05-31 05:11:13]     找到 3 条标讯
[2026-05-31 05:11:13]     近一个月: 3 条
[2026-05-31 05:11:19] 
[181/188] 广西水利厅
[2026-05-31 05:11:19]   爬取: 广西水利厅 (https://slt.gxzf.gov.cn)
[2026-05-31 05:11:20]     找到 28 条标讯
[2026-05-31 05:11:20]     近一个月: 22 条
[2026-05-31 05:11:46]       ✓ G7221衡阳—南宁公路（龙胜至融安段）弃渣场变更水土保持方案补充报告书审批准予...
[2026-05-31 05:11:47]       ✓ G72泉州至南宁高速公路广西桂林至柳州段改扩建工程K1185+700左侧弃渣场变...
[2026-05-31 05:11:48]       ✓ 新建南宁至深圳铁路玉林至岑溪（桂粤省界）段弃渣场变更水土保持方案补充报告书审批准...
[2026-05-31 05:11:49]     保存 3 条
[2026-05-31 05:11:51] 
[182/188] 广西教育厅
[2026-05-31 05:11:51]   爬取: 广西教育厅 (https://jyt.gxzf.gov.cn)
[2026-05-31 05:11:52]     找到 2 条标讯
[2026-05-31 05:11:52]     近一个月: 2 条
[2026-05-31 05:11:56] 
[183/188] 广西卫健委
[2026-05-31 05:11:56]   爬取: 广西卫健委 (https://wjw.gxzf.gov.cn)
[2026-05-31 05:11:56]     ✗ 无法访问
[2026-05-31 05:11:58] 
[184/188] 广西农业农村厅
[2026-05-31 05:11:58]   爬取: 广西农业农村厅 (https://nync.gxzf.gov.cn)
[2026-05-31 05:11:58]     ✗ 无法访问
[2026-05-31 05:12:00] 
[185/188] 广西自然资源厅
[2026-05-31 05:12:00]   爬取: 广西自然资源厅 (https://zrzy.gxzf.gov.cn)
[2026-05-31 05:12:00]     ✗ 无法访问
[2026-05-31 05:12:02] 
[186/188] 广西生态环境厅
[2026-05-31 05:12:02]   爬取: 广西生态环境厅 (https://sthj.gxzf.gov.cn)
[2026-05-31 05:12:03]     ✗ 无法访问
[2026-05-31 05:12:05] 
[187/188] 广西文旅厅
[2026-05-31 05:12:05]   爬取: 广西文旅厅 (https://wlt.gxzf.gov.cn)
[2026-05-31 05:12:05]     找到 1 条标讯
[2026-05-31 05:12:05]     近一个月: 1 条
[2026-05-31 05:12:08] 
[188/188] 天津水务局
[2026-05-31 05:12:08]   爬取: 天津水务局 (https://swj.tj.gov.cn)
[2026-05-31 05:12:09]     找到 2 条标讯
[2026-05-31 05:12:09]     近一个月: 2 条
[2026-05-31 05:12:14] 
============================================================
[2026-05-31 05:12:14] 爬取完成!
[2026-05-31 05:12:14] 成功平台: 1/188
[2026-05-31 05:12:14] 新增标讯: 3
[2026-05-31 05:12:14] ============================================================
[2026-05-31 05:12:14] 数据库总量: 2788 条
[2026-05-31 05:12:14] 有内容: 14 条
[2026-05-31 05:11:48]       ✓ 新建南宁至深圳铁路玉林至岑溪（桂粤省界）段弃渣场变更水土保持方案补充报告书审批准...
[2026-05-31 05:11:49]     保存 3 条
[2026-05-31 05:11:51] 
[182/188] 广西教育厅
[2026-05-31 05:11:51]   爬取: 广西教育厅 (https://jyt.gxzf.gov.cn)
[2026-05-31 05:11:52]     找到 2 条标讯
[2026-05-31 05:11:52]     近一个月: 2 条
[2026-05-31 05:11:56] 
[183/188] 广西卫健委
[2026-05-31 05:11:56]   爬取: 广西卫健委 (https://wjw.gxzf.gov.cn)
[2026-05-31 05:11:56]     ✗ 无法访问
[2026-05-31 05:11:58] 
[184/188] 广西农业农村厅
[2026-05-31 05:11:58]   爬取: 广西农业农村厅 (https://nync.gxzf.gov.cn)
[2026-05-31 05:11:58]     ✗ 无法访问
[2026-05-31 05:12:00] 
[185/188] 广西自然资源厅
[2026-05-31 05:12:00]   爬取: 广西自然资源厅 (https://zrzy.gxzf.gov.cn)
[2026-05-31 05:12:00]     ✗ 无法访问
[2026-05-31 05:12:02] 
[186/188] 广西生态环境厅
[2026-05-31 05:12:02]   爬取: 广西生态环境厅 (https://sthj.gxzf.gov.cn)
[2026-05-31 05:12:03]     ✗ 无法访问
[2026-05-31 05:12:05] 
[187/188] 广西文旅厅
[2026-05-31 05:12:05]   爬取: 广西文旅厅 (https://wlt.gxzf.gov.cn)
[2026-05-31 05:12:05]     找到 1 条标讯
[2026-05-31 05:12:05]     近一个月: 1 条
[2026-05-31 05:12:08] 
[188/188] 天津水务局
[2026-05-31 05:12:08]   爬取: 天津水务局 (https://swj.tj.gov.cn)
[2026-05-31 05:12:09]     找到 2 条标讯
[2026-05-31 05:12:09]     近一个月: 2 条
[2026-05-31 05:12:14] 
============================================================
[2026-05-31 05:12:14] 爬取完成!
[2026-05-31 05:12:14] 成功平台: 1/188
[2026-05-31 05:12:14] 新增标讯: 3
[2026-05-31 05:12:14] ============================================================
[2026-05-31 05:12:14] 数据库总量: 2788 条
[2026-05-31 05:12:14] 有内容: 14 条
[2026-05-31 13:53:39] ============================================================
[2026-05-31 13:53:39] 开始全量月度爬取
[2026-05-31 13:53:39] ============================================================
[2026-05-31 13:53:39] 共 218 个平台待爬取
[2026-05-31 13:53:39] 
[1/218] 甘肃公共资源交易中心
[2026-05-31 13:53:39]   爬取: 甘肃公共资源交易中心 (http://ggzyjy.gansu.gov.cn/)
[2026-05-31 13:53:39]     ✗ 未找到标讯
[2026-05-31 13:53:41] 
[2/218] 中国政府采购网甘肃站
[2026-05-31 13:53:41]   爬取: 中国政府采购网甘肃站 (https://www.ccgp-gansu.gov.cn)
[2026-05-31 13:53:41]     ✗ 未找到标讯
[2026-05-31 13:53:43] 
[3/218] 甘肃住建厅
[2026-05-31 13:53:43]   爬取: 甘肃住建厅 (https://zjt.gansu.gov.cn)
[2026-05-31 13:53:43]     ✗ 未找到标讯
[2026-05-31 13:53:45] 
[4/218] 甘肃交通运输厅
[2026-05-31 13:53:45]   爬取: 甘肃交通运输厅 (https://jtys.gansu.gov.cn)
[2026-05-31 13:53:46]     ✗ 未找到标讯
[2026-05-31 13:53:48] 
[5/218] 甘肃水利厅
[2026-05-31 13:53:48]   爬取: 甘肃水利厅 (https://slt.gansu.gov.cn)
[2026-05-31 13:53:48]     ✗ 未找到标讯
[2026-05-31 13:53:50] 
[6/218] 甘肃教育厅
[2026-05-31 13:53:50]   爬取: 甘肃教育厅 (https://jyt.gansu.gov.cn)
[2026-05-31 13:53:50]     ✗ 未找到标讯
[2026-05-31 13:53:52] 
[7/218] 甘肃卫健委
[2026-05-31 13:53:52]   爬取: 甘肃卫健委 (https://wsjk.gansu.gov.cn)
[2026-05-31 13:53:52]     ✗ 未找到标讯
[2026-05-31 13:53:54] 
[8/218] 甘肃农业农村厅
[2026-05-31 13:53:54]   爬取: 甘肃农业农村厅 (https://nync.gansu.gov.cn)
[2026-05-31 13:53:55]     ✗ 未找到标讯
[2026-05-31 13:53:57] 
[9/218] 甘肃自然资源厅
[2026-05-31 13:53:57]   爬取: 甘肃自然资源厅 (https://zrzy.gansu.gov.cn)
[2026-05-31 13:53:57]     ✗ 未找到标讯
[2026-05-31 13:53:59] 
[10/218] 甘肃生态环境厅
[2026-05-31 13:53:59]   爬取: 甘肃生态环境厅 (https://sthj.gansu.gov.cn)
[2026-05-31 13:53:59]     ✗ 未找到标讯
[2026-05-31 13:54:01] 
[11/218] 甘肃文旅厅
[2026-05-31 13:54:01]   爬取: 甘肃文旅厅 (https://wlt.gansu.gov.cn)
[2026-05-31 13:54:02]     ✗ 未找到标讯
[2026-05-31 13:54:04] 
[12/218] 宁夏公共资源交易中心
[2026-05-31 13:54:04]   爬取: 宁夏公共资源交易中心 (https://ggzyjy.fzggw.nx.gov.cn/)
[2026-05-31 13:54:04]     找到 76 条标讯
[2026-05-31 13:54:04]     近一个月: 73 条
[2026-05-31 13:55:04] 
[13/218] 中国政府采购网宁夏站
[2026-05-31 13:55:04]   爬取: 中国政府采购网宁夏站 (https://www.ccgp-ningxia.gov.cn)
[2026-05-31 13:55:04]     找到 5 条标讯
[2026-05-31 13:55:04]     近一个月: 5 条
[2026-05-31 13:55:14] 
[14/218] 宁夏住建厅
[2026-05-31 13:55:14]   爬取: 宁夏住建厅 (https://jst.nx.gov.cn)
[2026-05-31 13:55:59]     ✗ 无法访问
[2026-05-31 13:56:01] 
[15/218] 宁夏交通运输厅
[2026-05-31 13:56:01]   爬取: 宁夏交通运输厅 (https://jtt.nx.gov.cn)
[2026-05-31 13:56:46]     ✗ 无法访问
[2026-05-31 13:56:48] 
[16/218] 宁夏水利厅
[2026-05-31 13:56:48]   爬取: 宁夏水利厅 (https://slt.nx.gov.cn)
[2026-05-31 13:56:49]     找到 5 条标讯
[2026-05-31 13:56:49]     近一个月: 4 条
[2026-05-31 13:56:56] 
[17/218] 宁夏教育厅
[2026-05-31 13:56:56]   爬取: 宁夏教育厅 (https://jyt.nx.gov.cn)
[2026-05-31 13:56:56]     找到 6 条标讯
[2026-05-31 13:56:56]     近一个月: 3 条
[2026-05-31 13:57:02] 
[18/218] 宁夏卫健委
[2026-05-31 13:57:02]   爬取: 宁夏卫健委 (https://wsjkw.nx.gov.cn)
[2026-05-31 13:57:02]     找到 6 条标讯
[2026-05-31 13:57:02]     近一个月: 1 条
[2026-05-31 13:57:06] 
[19/218] 宁夏农业农村厅
[2026-05-31 13:57:06]   爬取: 宁夏农业农村厅 (https://nynct.nx.gov.cn)
[2026-05-31 13:57:06]     找到 3 条标讯
[2026-05-31 13:57:06]     近一个月: 3 条
[2026-05-31 13:57:12] 
[20/218] 宁夏自然资源厅
[2026-05-31 13:57:12]   爬取: 宁夏自然资源厅 (https://zrzyt.nx.gov.cn)
[2026-05-31 13:57:12]     找到 8 条标讯
[2026-05-31 13:57:12]     近一个月: 8 条
[2026-05-31 13:57:25] 
[21/218] 宁夏生态环境厅
[2026-05-31 13:57:25]   爬取: 宁夏生态环境厅 (https://sthjt.nx.gov.cn)
[2026-05-31 13:57:25]     找到 4 条标讯
[2026-05-31 13:57:25]     近一个月: 4 条
[2026-05-31 13:57:33] 
[22/218] 宁夏文旅厅
[2026-05-31 13:57:33]   爬取: 宁夏文旅厅 (https://whhlyt.nx.gov.cn)
[2026-05-31 13:57:33]     找到 4 条标讯
[2026-05-31 13:57:33]     近一个月: 4 条
[2026-05-31 13:57:40] 
[23/218] 北京卫健委
[2026-05-31 13:57:40]   爬取: 北京卫健委 (https://wjw.beijing.gov.cn)
[2026-05-31 13:57:41]     找到 4 条标讯
[2026-05-31 13:57:41]     近一个月: 4 条
[2026-05-31 13:57:48] 
[24/218] 北京住建委
[2026-05-31 13:57:48]   爬取: 北京住建委 (https://zjw.beijing.gov.cn)
[2026-05-31 13:57:48]     找到 4 条标讯
[2026-05-31 13:57:48]     近一个月: 4 条
[2026-05-31 13:57:55] 
[25/218] 北京交通委
[2026-05-31 13:57:55]   爬取: 北京交通委 (https://jtw.beijing.gov.cn)
[2026-05-31 13:57:55]     找到 1 条标讯
[2026-05-31 13:57:55]     近一个月: 1 条
[2026-05-31 13:57:59] 
[26/218] 北京水务局
[2026-05-31 13:57:59]   爬取: 北京水务局 (https://swj.beijing.gov.cn)
[2026-05-31 13:57:59]     找到 8 条标讯
[2026-05-31 13:57:59]     近一个月: 8 条
[2026-05-31 13:58:10] 
[27/218] 北京教委
[2026-05-31 13:58:10]   爬取: 北京教委 (https://jw.beijing.gov.cn)
[2026-05-31 13:58:11]     找到 1 条标讯
[2026-05-31 13:58:11]     近一个月: 1 条
[2026-05-31 13:58:14] 
[28/218] 北京农业农村局
[2026-05-31 13:58:14]   爬取: 北京农业农村局 (https://nyncj.beijing.gov.cn)
[2026-05-31 13:58:14]     找到 5 条标讯
[2026-05-31 13:58:14]     近一个月: 5 条
[2026-05-31 13:58:23] 
[29/218] 北京生态环境局
[2026-05-31 13:58:23]   爬取: 北京生态环境局 (https://sthjj.beijing.gov.cn)
[2026-05-31 13:58:23]     找到 4 条标讯
[2026-05-31 13:58:23]     近一个月: 4 条
[2026-05-31 13:58:30] 
[30/218] 北京文旅局
[2026-05-31 13:58:30]   爬取: 北京文旅局 (https://whlyj.beijing.gov.cn)
[2026-05-31 13:58:30]     找到 3 条标讯
[2026-05-31 13:58:30]     近一个月: 3 条
[2026-05-31 13:58:36] 
[31/218] 北京公共资源交易中心
[2026-05-31 13:58:36]   爬取: 北京公共资源交易中心 (https://ggzyfw.beijing.gov.cn/)
[2026-05-31 13:58:36]     ✗ 无法访问
[2026-05-31 13:58:38] 
[32/218] 中国政府采购网北京站
[2026-05-31 13:58:38]   爬取: 中国政府采购网北京站 (http://www.ccgp-beijing.gov.cn/)
[2026-05-31 13:58:39]     找到 84 条标讯
[2026-05-31 13:58:39]     近一个月: 74 条
[2026-05-31 13:59:37] 
[33/218] 中国政府采购网河北站
[2026-05-31 13:59:37]   爬取: 中国政府采购网河北站 (https://www.ccgp-hebei.gov.cn)
[2026-05-31 13:59:38]     ✗ 无法访问
[2026-05-31 13:59:40] 
[34/218] 河北农业农村厅
[2026-05-31 13:59:40]   爬取: 河北农业农村厅 (https://nync.hebei.gov.cn)
[2026-05-31 13:59:41]     找到 21 条标讯
[2026-05-31 13:59:41]     近一个月: 19 条
[2026-05-31 14:00:06] 
[35/218] 河北自然资源厅
[2026-05-31 14:00:06]   爬取: 河北自然资源厅 (https://zrzy.hebei.gov.cn)
[2026-05-31 14:00:07]     找到 10 条标讯
[2026-05-31 14:00:07]     近一个月: 10 条
[2026-05-31 14:00:21] 
[36/218] 河北公共资源交易中心
[2026-05-31 14:00:21]   爬取: 河北公共资源交易中心 (http://www.hebpr.cn/)
[2026-05-31 14:00:21]     找到 16 条标讯
[2026-05-31 14:00:21]     近一个月: 16 条
[2026-05-31 14:00:44] 
[37/218] 中国政府采购网山西站
[2026-05-31 14:00:44]   爬取: 中国政府采购网山西站 (http://zfcg.czt.shanxi.gov.cn/)
[2026-05-31 14:00:44]     ✗ 未找到标讯
[2026-05-31 14:00:46] 
[38/218] 山西住建厅
[2026-05-31 14:00:46]   爬取: 山西住建厅 (https://zjt.shanxi.gov.cn)
[2026-05-31 14:00:47]     找到 6 条标讯
[2026-05-31 14:00:47]     近一个月: 6 条
[2026-05-31 14:00:57] 
[39/218] 山西水利厅
[2026-05-31 14:00:57]   爬取: 山西水利厅 (https://slt.shanxi.gov.cn)
[2026-05-31 14:00:58]     找到 8 条标讯
[2026-05-31 14:00:58]     近一个月: 6 条
[2026-05-31 14:01:09] 
[40/218] 山西教育厅
[2026-05-31 14:01:09]   爬取: 山西教育厅 (https://jyt.shanxi.gov.cn)
[2026-05-31 14:01:10]     找到 5 条标讯
[2026-05-31 14:01:10]     近一个月: 5 条
[2026-05-31 14:01:18] 
[41/218] 山西卫健委
[2026-05-31 14:01:18]   爬取: 山西卫健委 (https://wjw.shanxi.gov.cn)
[2026-05-31 14:01:19]     找到 17 条标讯
[2026-05-31 14:01:19]     近一个月: 17 条
[2026-05-31 14:01:44] 
[42/218] 山西文旅厅
[2026-05-31 14:01:44]   爬取: 山西文旅厅 (https://wlt.shanxi.gov.cn)
[2026-05-31 14:01:44]     找到 3 条标讯
[2026-05-31 14:01:44]     近一个月: 3 条
[2026-05-31 14:01:50] 
[43/218] 山西公共资源交易中心
[2026-05-31 14:01:50]   爬取: 山西公共资源交易中心 (https://prec.sxzwfw.gov.cn/)
[2026-05-31 14:01:51]     找到 263 条标讯
[2026-05-31 14:01:51]     近一个月: 263 条
[2026-05-31 14:01:55]       ✓ 非免疫规划疫苗采购...
[2026-05-31 14:01:57]       ✓ 关于招标投标领域移动数字证书（CA）全国互认功能上线试运行的通知2026/03/...
[2026-05-31 14:01:58]       ✓ 山西省公共资源交易一体化平台移动数字证书（CA）全国互认应用程序（APP）公开遴...
[2026-05-31 14:02:00]       ✓ 关于向社会公开征集招投标、政府采购  领域问题线索的通知2025/12/03...
[2026-05-31 14:02:05]       ✓ 【省本级】大秦铁路股份有限公司大同西供电段大同县等10KV企开所设备改造工程（甲...
[2026-05-31 14:02:06]       ✓ 【省本级】大秦铁路股份有限公司太原南工务段管内太中线褚家沟－汾阳等区间道床大修施...
[2026-05-31 14:02:08]       ✓ 【省本级】朔州市朔城区人防人员掩蔽工程暂估价（人防门、钢结构顶棚、铺装材料）材料...
[2026-05-31 14:02:09]       ✓ 【省本级】山西阳煤寺家庄煤业有限责任公司矿井水处理站改造工程（EPC）项目招标公...
[2026-05-31 14:02:11]       ✓ 【省本级】高平市燃气老化管网及设施更新改造工程（老化燃气管道更新改造EPC）监理...
[2026-05-31 14:02:12]       ✓ 【省本级】大秦铁路股份有限公司大同电务段神池站联锁设备升级改造工程施工总价承包项...
[2026-05-31 14:02:14]       ✓ 【省本级】沁水县鑫海能源有限责任公司郑庄矿井单身宿舍工程(第2次招标)招标公告2...
[2026-05-31 14:02:16]       ✓ 【省本级】2026年沁水县城边坡综合治理工程招标公告2026/05/29...
[2026-05-31 14:02:17]       ✓ 【省本级】榆次区华顿九洲风力发电科技有限公司100MW风力发电项目EPC总承包招...
[2026-05-31 14:02:19]       ✓ 【省本级】大秦铁路股份有限公司大同铁路工程建设指挥部太原职工培训基地忻州培训站信...
[2026-05-31 14:02:20]       ✓ 【省本级】柳林县华泰洗煤焦化有限公司50MW/44.168MWh独立储能电站项目...
[2026-05-31 14:02:22]       ✓ 【省本级】沁水县农村环境整治及污水资源化利用项目工程勘察及工程初步设计招标变更公...
[2026-05-31 14:02:23]       ✓ 【省本级】交城县污水处理厂城西扩容工程用电扩容建设项目施工招标延期公告2026/...
[2026-05-31 14:02:25]       ✓ 【省本级】山西银龙垣科储能技术有限公司100MW独立储能项目（EPC)总承包招标...
[2026-05-31 14:02:26]       ✓ 【省本级】山西汾西正城煤业有限责任公司应急备用电源招标延期公告2026/05/2...
[2026-05-31 14:02:28]       ✓ 【省本级】神池现代农业产业示范区天然气门站建设项目工艺设备撬采购招标二次变更公告...
[2026-05-31 14:02:30]       ✓ 【省本级】阳曲县安康医院建设项目电气工程、给排水工程等材料采购二次招标变更公告2...
[2026-05-31 14:02:31]       ✓ 【省本级】高平市诚建菁华文苑小区项目招标延期公告2026/05/27...
[2026-05-31 14:02:33]       ✓ 【省本级】山西汾西矿业集团水峪煤业有限责任公司新增侯家岭场地、副立井及回风立井项...
[2026-05-31 14:02:34]       ✓ 【省本级】山西阳泉矿区七元煤矿项目工业场地竖向、道路及排水布置（第六期）二次招标...
[2026-05-31 14:02:35]       ✓ 【省本级】大同煤矿集团同安煤业有限责任公司食堂工程中标候选人公示2026/05/...
[2026-05-31 14:02:37]       ✓ 【省本级】大秦铁路股份有限公司大同西供电段2026年度大秦线迁西至迁安北等区段1...
[2026-05-31 14:02:39]       ✓ 【省本级】华晋焦煤有限责任公司山西煤炭运销集团龙山煤业有限公司工业场地附属设施三...
[2026-05-31 14:02:40]       ✓ 【省本级】沁水县县城排洪能力治理工程中标候选人公示2026/05/29...
[2026-05-31 14:02:41]       ✓ 【省本级】山西煤炭运销集团蒲县昊锦塬煤业有限公司矿井水处理站扩建工程中标候选人公...
[2026-05-31 14:02:43]       ✓ 【省本级】沁水县供气供热老旧管网提质改造项目-土沃段气源点及老旧管线改造工程中标...
[2026-05-31 14:02:45]       ✓ 【省本级】通宝（武乡）清洁能源有限公司武乡县20万千瓦光伏发电项目工程（EPC）...
[2026-05-31 14:02:47]       ✓ 【省本级】山西兰花科技创业股份有限公司新材料分公司己内酰胺装置节能升级改造项目E...
[2026-05-31 14:02:48]       ✓ 【省本级】山西汾西正城煤业有限责任公司人员定位管理系统中标候选人公示2026/0...
[2026-05-31 14:02:50]       ✓ 【省本级】山西阳泉矿区七元煤矿项目工业场地竖向、道路及排水布置（第六期）二次招标...
[2026-05-31 14:02:51]       ✓ 【省本级】晋城市陵川县华晶泓储200MW/400MWh独立储能项目EPC总承包中...
[2026-05-31 14:02:53]       ✓ 【省本级】山西煤炭运销集团阳城四侯煤业有限公司15#煤层水平延深二水平变电所设备...
[2026-05-31 14:02:54]       ✓ 【省本级】霍州煤电集团沁安煤电有限责任公司中峪矿井瓦斯抽采泵站工程中标结果公示2...
[2026-05-31 14:02:56]       ✓ 【省本级】西山煤电官地佳园（朝南新苑）东区棚改及清空土地上的房地产开发项目施工中...
[2026-05-31 14:02:57]       ✓ 【省本级】沁水县义务教育优质均衡“沁水县端氏镇初级中学校”基础设施提升改造项目中...
[2026-05-31 14:02:59]       ✓ 【省本级】太行锡崖沟旅游度假区山泉药浴（建筑装修及室外配套工程）项目EPC总承包...
[2026-05-31 14:03:00]       ✓ 【省本级】山西潞安集团司马煤业有限公司工作面集控系统采购项目重新招标中标结果公示...
[2026-05-31 14:03:02]       ✓ 【省本级】山西地方电力有限公司2021年农网巩固提升工程结余资金调整项目主要设备...
[2026-05-31 14:03:03]       ✓ 【省本级】山西地方电力有限公司2021年农网巩固提升工程结余资金调整项目主要设备...
[2026-05-31 14:03:05]       ✓ 【省本级】山西地方电力有限公司2021年农网巩固提升工程结余资金调整项目主要设备...
[2026-05-31 14:03:06]       ✓ 【省本级】大秦铁路股份有限公司侯马北工务段侯月线下行小腰2号隧道出口新建棚洞工程...
[2026-05-31 14:03:07]       ✓ 【省本级】重新招标2026/05/26...
[2026-05-31 14:03:08]     保存 46 条
[2026-05-31 14:03:10] 
[44/218] 内蒙古公共资源交易中心
[2026-05-31 14:03:10]   爬取: 内蒙古公共资源交易中心 (https://ggzyjy.nmg.gov.cn/)
[2026-05-31 14:03:12]     找到 27 条标讯
[2026-05-31 14:03:12]     近一个月: 24 条
[2026-05-31 14:04:06] 
[45/218] 内蒙古住建厅
[2026-05-31 14:04:06]   爬取: 内蒙古住建厅 (https://zjt.nmg.gov.cn)
[2026-05-31 14:04:06]     找到 2 条标讯
[2026-05-31 14:04:06]     近一个月: 2 条
[2026-05-31 14:04:11] 
[46/218] 内蒙古水利厅
[2026-05-31 14:04:11]   爬取: 内蒙古水利厅 (https://slt.nmg.gov.cn)
[2026-05-31 14:04:11]     找到 3 条标讯
[2026-05-31 14:04:11]     近一个月: 3 条
[2026-05-31 14:04:18] 
[47/218] 内蒙古教育厅
[2026-05-31 14:04:18]   爬取: 内蒙古教育厅 (https://jyt.nmg.gov.cn)
[2026-05-31 14:04:18]     找到 2 条标讯
[2026-05-31 14:04:18]     近一个月: 2 条
[2026-05-31 14:04:23] 
[48/218] 内蒙古卫健委
[2026-05-31 14:04:23]   爬取: 内蒙古卫健委 (https://wjw.nmg.gov.cn)
[2026-05-31 14:04:24]     找到 2 条标讯
[2026-05-31 14:04:24]     近一个月: 2 条
[2026-05-31 14:04:29] 
[49/218] 内蒙古自然资源厅
[2026-05-31 14:04:29]   爬取: 内蒙古自然资源厅 (https://zrzy.nmg.gov.cn)
[2026-05-31 14:04:30]     找到 9 条标讯
[2026-05-31 14:04:30]     近一个月: 5 条
[2026-05-31 14:04:42] 
[50/218] 内蒙古文旅厅
[2026-05-31 14:04:42]   爬取: 内蒙古文旅厅 (https://wlt.nmg.gov.cn)
[2026-05-31 14:04:43]     找到 3 条标讯
[2026-05-31 14:04:43]     近一个月: 2 条
[2026-05-31 14:04:48] 
[51/218] 辽宁住建厅
[2026-05-31 14:04:48]   爬取: 辽宁住建厅 (https://zjt.ln.gov.cn)
[2026-05-31 14:04:49]     找到 9 条标讯
[2026-05-31 14:04:49]     近一个月: 8 条
[2026-05-31 14:05:03] 
[52/218] 辽宁水利厅
[2026-05-31 14:05:03]   爬取: 辽宁水利厅 (https://slt.ln.gov.cn)
[2026-05-31 14:05:04]     找到 3 条标讯
[2026-05-31 14:05:04]     近一个月: 3 条
[2026-05-31 14:05:10] 
[53/218] 辽宁教育厅
[2026-05-31 14:05:10]   爬取: 辽宁教育厅 (https://jyt.ln.gov.cn)
[2026-05-31 14:05:10]     找到 7 条标讯
[2026-05-31 14:05:10]     近一个月: 7 条
[2026-05-31 14:05:22] 
[54/218] 辽宁农业农村厅
[2026-05-31 14:05:22]   爬取: 辽宁农业农村厅 (https://nync.ln.gov.cn)
[2026-05-31 14:05:22]     找到 3 条标讯
[2026-05-31 14:05:22]     近一个月: 2 条
[2026-05-31 14:05:27] 
[55/218] 辽宁自然资源厅
[2026-05-31 14:05:27]   爬取: 辽宁自然资源厅 (https://zrzy.ln.gov.cn)
[2026-05-31 14:05:27]     找到 26 条标讯
[2026-05-31 14:05:27]     近一个月: 24 条
[2026-05-31 14:05:37]       ✓ 矿业权变更...
[2026-05-31 14:06:00]     保存 1 条
[2026-05-31 14:06:02] 
[56/218] 辽宁生态环境厅
[2026-05-31 14:06:02]   爬取: 辽宁生态环境厅 (https://sthj.ln.gov.cn)
[2026-05-31 14:06:03]     找到 1 条标讯
[2026-05-31 14:06:03]     近一个月: 1 条
[2026-05-31 14:06:06] 
[57/218] 辽宁公共资源交易中心
[2026-05-31 14:06:06]   爬取: 辽宁公共资源交易中心 (http://www.lnggzy.gov.cn/)
[2026-05-31 14:06:06]     ✗ 未找到标讯
[2026-05-31 14:06:08] 
[58/218] 中国政府采购网辽宁站
[2026-05-31 14:06:08]   爬取: 中国政府采购网辽宁站 (http://www.ccgp-liaoning.gov.cn/)
[2026-05-31 14:06:08]     ✗ 未找到标讯
[2026-05-31 14:06:10] 
[59/218] 吉林教育厅
[2026-05-31 14:06:10]   爬取: 吉林教育厅 (https://jyt.jl.gov.cn)
[2026-05-31 14:06:11]     找到 3 条标讯
[2026-05-31 14:06:11]     近一个月: 3 条
[2026-05-31 14:06:27] 
[60/218] 吉林水利厅
[2026-05-31 14:06:27]   爬取: 吉林水利厅 (https://slt.jl.gov.cn)
[2026-05-31 14:06:28]     找到 1 条标讯
[2026-05-31 14:06:28]     近一个月: 1 条
[2026-05-31 14:06:32] 
[61/218] 吉林自然资源厅
[2026-05-31 14:06:32]   爬取: 吉林自然资源厅 (https://zrzy.jl.gov.cn)
[2026-05-31 14:06:33]     找到 9 条标讯
[2026-05-31 14:06:33]     近一个月: 9 条
[2026-05-31 14:06:59] 
[62/218] 吉林公共资源交易中心
[2026-05-31 14:06:59]   爬取: 吉林公共资源交易中心 (http://ggzy.jl.gov.cn/)
[2026-05-31 14:06:59]     ✗ 无法访问
[2026-05-31 14:07:01] 
[63/218] 中国政府采购网吉林站
[2026-05-31 14:07:01]   爬取: 中国政府采购网吉林站 (http://www.ccgp-jilin.gov.cn/)
[2026-05-31 14:07:01]     ✗ 未找到标讯
[2026-05-31 14:07:03] 
[64/218] 黑龙江教育厅
[2026-05-31 14:07:03]   爬取: 黑龙江教育厅 (https://jyt.hlj.gov.cn)
[2026-05-31 14:07:04]     找到 3 条标讯
[2026-05-31 14:07:04]     近一个月: 3 条
[2026-05-31 14:07:10] 
[65/218] 黑龙江文旅厅
[2026-05-31 14:07:10]   爬取: 黑龙江文旅厅 (https://wlt.hlj.gov.cn)
[2026-05-31 14:07:10]     找到 11 条标讯
[2026-05-31 14:07:10]     近一个月: 6 条
[2026-05-31 14:07:24] 
[66/218] 黑龙江公共资源交易中心
[2026-05-31 14:07:24]   爬取: 黑龙江公共资源交易中心 (http://ggzy.hlj.gov.cn/)
[2026-05-31 14:07:54]     ✗ 无法访问
[2026-05-31 14:07:56] 
[67/218] 黑龙江政府采购
[2026-05-31 14:07:56]   爬取: 黑龙江政府采购 (http://hljcg.hlj.gov.cn/)
[2026-05-31 14:07:56]     ✗ 未找到标讯
[2026-05-31 14:07:58] 
[68/218] 上海公共资源交易中心
[2026-05-31 14:07:58]   爬取: 上海公共资源交易中心 (https://www.shggzy.com/)
[2026-05-31 14:07:58]     ✗ 未找到标讯
[2026-05-31 14:08:00] 
[69/218] 中国政府采购网上海站
[2026-05-31 14:08:00]   爬取: 中国政府采购网上海站 (http://www.zfcg.sh.gov.cn/)
[2026-05-31 14:08:01]     ✗ 未找到标讯
[2026-05-31 14:08:03] 
[70/218] 上海住建委
[2026-05-31 14:08:03]   爬取: 上海住建委 (https://zjw.sh.gov.cn)
[2026-05-31 14:08:03]     找到 2 条标讯
[2026-05-31 14:08:03]     近一个月: 2 条
[2026-05-31 14:08:07] 
[71/218] 上海交通委
[2026-05-31 14:08:07]   爬取: 上海交通委 (https://jtw.sh.gov.cn)
[2026-05-31 14:08:07]     ✗ 未找到标讯
[2026-05-31 14:08:09] 
[72/218] 上海水务局
[2026-05-31 14:08:09]   爬取: 上海水务局 (https://swj.sh.gov.cn)
[2026-05-31 14:08:10]     ✗ 未找到标讯
[2026-05-31 14:08:12] 
[73/218] 上海卫健委
[2026-05-31 14:08:12]   爬取: 上海卫健委 (https://wsjkw.sh.gov.cn)
[2026-05-31 14:08:12]     找到 1 条标讯
[2026-05-31 14:08:12]     近一个月: 1 条
[2026-05-31 14:08:15] 
[74/218] 上海农业农村委
[2026-05-31 14:08:15]   爬取: 上海农业农村委 (https://nyncw.sh.gov.cn)
[2026-05-31 14:08:15]     ✗ 未找到标讯
[2026-05-31 14:08:17] 
[75/218] 上海规划资源局
[2026-05-31 14:08:17]   爬取: 上海规划资源局 (https://ghzyj.sh.gov.cn)
[2026-05-31 14:08:17]     ✗ 未找到标讯
[2026-05-31 14:08:19] 
[76/218] 上海文旅局
[2026-05-31 14:08:19]   爬取: 上海文旅局 (https://whlyj.sh.gov.cn)
[2026-05-31 14:08:19]     找到 1 条标讯
[2026-05-31 14:08:19]     近一个月: 1 条
[2026-05-31 14:08:23] 
[77/218] 江苏教育厅
[2026-05-31 14:08:23]   爬取: 江苏教育厅 (https://jyt.jiangsu.gov.cn)
[2026-05-31 14:08:23]     找到 2 条标讯
[2026-05-31 14:08:23]     近一个月: 2 条
[2026-05-31 14:08:27] 
[78/218] 江苏卫健委
[2026-05-31 14:08:27]   爬取: 江苏卫健委 (https://wjw.jiangsu.gov.cn)
[2026-05-31 14:08:27]     找到 4 条标讯
[2026-05-31 14:08:27]     近一个月: 4 条
[2026-05-31 14:08:34] 
[79/218] 江苏自然资源厅
[2026-05-31 14:08:34]   爬取: 江苏自然资源厅 (https://zrzy.jiangsu.gov.cn)
[2026-05-31 14:08:34]     ✗ 未找到标讯
[2026-05-31 14:08:36] 
[80/218] 江苏公共资源交易中心
[2026-05-31 14:08:36]   爬取: 江苏公共资源交易中心 (http://jsggzy.jszwfw.gov.cn/)
[2026-05-31 14:08:36]     找到 3 条标讯
[2026-05-31 14:08:36]     近一个月: 3 条
[2026-05-31 14:08:37]       ✓ 江苏省政府采购网...
[2026-05-31 14:08:39]       ✓ 药品耗材采购...
[2026-05-31 14:08:40]     保存 2 条
[2026-05-31 14:08:42] 
[81/218] 中国政府采购网江苏站
[2026-05-31 14:08:42]   爬取: 中国政府采购网江苏站 (http://www.ccgp-jiangsu.gov.cn/)
[2026-05-31 14:08:42]     找到 39 条标讯
[2026-05-31 14:08:42]     近一个月: 17 条
[2026-05-31 14:09:02] 
[82/218] 浙江公共资源交易中心
[2026-05-31 14:09:02]   爬取: 浙江公共资源交易中心 (https://ggzy.zj.gov.cn/)
[2026-05-31 14:09:03]     找到 54 条标讯
[2026-05-31 14:09:03]     近一个月: 39 条
[2026-05-31 14:09:13]       ✓ 澄清修改信息...
[2026-05-31 14:09:46]     保存 1 条
[2026-05-31 14:09:48] 
[83/218] 浙江政府采购网
[2026-05-31 14:09:48]   爬取: 浙江政府采购网 (https://zfcg.czt.zj.gov.cn/)
[2026-05-31 14:09:48]     ✗ 未找到标讯
[2026-05-31 14:09:50] 
[84/218] 浙江水利厅
[2026-05-31 14:09:50]   爬取: 浙江水利厅 (https://slt.zj.gov.cn)
[2026-05-31 14:09:51]     找到 17 条标讯
[2026-05-31 14:09:51]     近一个月: 9 条
[2026-05-31 14:10:03] 
[85/218] 浙江教育厅
[2026-05-31 14:10:03]   爬取: 浙江教育厅 (https://jyt.zj.gov.cn)
[2026-05-31 14:10:03]     找到 7 条标讯
[2026-05-31 14:10:03]     近一个月: 1 条
[2026-05-31 14:10:06] 
[86/218] 安徽公共资源交易中心
[2026-05-31 14:10:06]   爬取: 安徽公共资源交易中心 (http://ggzy.ah.gov.cn/)
[2026-05-31 14:10:07]     ✗ 未找到标讯
[2026-05-31 14:10:09] 
[87/218] 中国政府采购网安徽站
[2026-05-31 14:10:09]   爬取: 中国政府采购网安徽站 (https://www.ccgp-anhui.gov.cn)
[2026-05-31 14:10:09]     ✗ 未找到标讯
[2026-05-31 14:10:11] 
[88/218] 安徽交通厅
[2026-05-31 14:10:11]   爬取: 安徽交通厅 (https://jtt.ah.gov.cn)
[2026-05-31 14:10:12]     找到 4 条标讯
[2026-05-31 14:10:12]     近一个月: 4 条
[2026-05-31 14:10:19] 
[89/218] 安徽水利厅
[2026-05-31 14:10:19]   爬取: 安徽水利厅 (https://slt.ah.gov.cn)
[2026-05-31 14:10:20]     找到 14 条标讯
[2026-05-31 14:10:20]     近一个月: 13 条
[2026-05-31 14:10:34]       ✓ 水利水电工程施工企业主要负责人、项目负责人和专职安全生产管理人员安全生产考核合格...
[2026-05-31 14:10:35]       ✓ 水利水电工程施工企业主要负责人、项目负责人和专职安全生产管理人员安全生产考核合格...
[2026-05-31 14:10:37]       ✓ 二级造价工程师（水利工程）变更注册...
[2026-05-31 14:10:38]     保存 3 条
[2026-05-31 14:10:40] 
[90/218] 安徽教育厅
[2026-05-31 14:10:40]   爬取: 安徽教育厅 (https://jyt.ah.gov.cn)
[2026-05-31 14:10:40]     找到 16 条标讯
[2026-05-31 14:10:40]     近一个月: 16 条
[2026-05-31 14:11:05] 
[91/218] 安徽卫健委
[2026-05-31 14:11:05]   爬取: 安徽卫健委 (https://wjw.ah.gov.cn)
[2026-05-31 14:11:06]     找到 11 条标讯
[2026-05-31 14:11:06]     近一个月: 8 条
[2026-05-31 14:11:10]       ✓ 关于合肥经开普仁外科医院职业健康检查机构备案变更的公示...
[2026-05-31 14:11:12]       ✓ 关于宿松东城医院职业健康检查机构备案变更的公示...
[2026-05-31 14:11:13]       ✓ 关于同意太湖县人民医院变更执业登记的公示...
[2026-05-31 14:11:17]     保存 3 条
[2026-05-31 14:11:19] 
[92/218] 安徽农业农村厅
[2026-05-31 14:11:19]   爬取: 安徽农业农村厅 (https://nync.ah.gov.cn)
[2026-05-31 14:11:19]     找到 7 条标讯
[2026-05-31 14:11:19]     近一个月: 7 条
[2026-05-31 14:11:29] 
[93/218] 中国政府采购网福建站
[2026-05-31 14:11:29]   爬取: 中国政府采购网福建站 (https://zfcg.czt.fujian.gov.cn/maincms-web/)
[2026-05-31 14:11:30]     ✗ 未找到标讯
[2026-05-31 14:11:32] 
[94/218] 福建住建厅
[2026-05-31 14:11:32]   爬取: 福建住建厅 (https://zjt.fujian.gov.cn)
[2026-05-31 14:11:32]     找到 4 条标讯
[2026-05-31 14:11:32]     近一个月: 4 条
[2026-05-31 14:11:41] 
[95/218] 福建水利厅
[2026-05-31 14:11:41]   爬取: 福建水利厅 (https://slt.fujian.gov.cn)
[2026-05-31 14:11:41]     找到 11 条标讯
[2026-05-31 14:11:41]     近一个月: 11 条
[2026-05-31 14:11:59] 
[96/218] 福建教育厅
[2026-05-31 14:11:59]   爬取: 福建教育厅 (https://jyt.fujian.gov.cn)
[2026-05-31 14:12:00]     找到 4 条标讯
[2026-05-31 14:12:00]     近一个月: 3 条
[2026-05-31 14:12:06] 
[97/218] 福建卫健委
[2026-05-31 14:12:06]   爬取: 福建卫健委 (https://wjw.fujian.gov.cn)
[2026-05-31 14:12:07]     找到 4 条标讯
[2026-05-31 14:12:07]     近一个月: 4 条
[2026-05-31 14:12:16] 
[98/218] 福建文旅厅
[2026-05-31 14:12:16]   爬取: 福建文旅厅 (https://wlt.fujian.gov.cn)
[2026-05-31 14:12:17]     找到 7 条标讯
[2026-05-31 14:12:17]     近一个月: 7 条
[2026-05-31 14:12:29] 
[99/218] 福建公共资源交易中心
[2026-05-31 14:12:29]   爬取: 福建公共资源交易中心 (https://ggzyfw.fujian.gov.cn/)
[2026-05-31 14:12:29]     ✗ 未找到标讯
[2026-05-31 14:12:31] 
[100/218] 河南公共资源交易中心
[2026-05-31 14:12:31]   爬取: 河南公共资源交易中心 (https://hnsggzyjy.henan.gov.cn/)
[2026-05-31 14:12:31]     找到 78 条标讯
[2026-05-31 14:12:31]     近一个月: 48 条
[2026-05-31 14:12:33]       ✓ 关于进一步规范招标公告内容的通知...
[2026-05-31 14:12:34]       ✓ 中央国家机关2026年度台式计算机框架协议联合征集采购项目征集公告...
[2026-05-31 14:12:36]       ✓ 中央国家机关2026年度台式计算机单独主机框架协议联合征集采购项目征集公告...
[2026-05-31 14:12:37]       ✓ 河南省2026-2027年度复印纸框架协议采购需求征求意见公告...
[2026-05-31 14:12:38]       ✓ 河南省政府投资工程建设项目招标投标“评定分离”管理办法（试行）...
[2026-05-31 14:12:39]       ✓ 互学互鉴促提升    协同共建谋发展——豫鲁框架协议采购联合征集签约仪式在郑州成...
[2026-05-31 14:12:41]       ✓ 市场主体登录入口（工程、采购、产权、矿业权）...
[2026-05-31 14:12:47]       ✓ [河南省·焦作市·市辖区][公开招标]焦作市再生水综合利用项目（一期）水厂改造及...
[2026-05-31 14:12:49]       ✓ [河南省·焦作市·博爱县][公开招标]2026年博爱县月山镇肉制品深加工生产车间...
[2026-05-31 14:12:50]       ✓ [河南省·许昌市·建安区][公开招标]建安建工公字〔2026〕15号许昌市建安区...
[2026-05-31 14:12:51]       ✓ [河南省][公开招标][施工]郑州大学超短超强激光平台建设项目配套工程洁净环境控...
[2026-05-31 14:12:53]       ✓ [河南省][公开招标][材料设备]周口港中心港区中心作业区工程（一期）项目海关监...
[2026-05-31 14:12:55]       ✓ [河南省][公开招标][设计]河南唐白河防洪治理项目勘察设计中标候选人公示202...
[2026-05-31 14:12:56]       ✓ [河南省·省辖区][竞争性磋商][材料设备]郑州高新技术产业开发区人民法院信息化...
[2026-05-31 14:12:58]       ✓ [河南省·省辖区][竞争性磋商][材料设备]荥阳市人民法院2026年电子卷宗扫描...
[2026-05-31 14:12:59]       ✓ [河南省·许昌市·禹州市][竞争性谈判]YZCG-DLT2026035禹州市中等...
[2026-05-31 14:13:00]       ✓ Y2026HZ036鄢陵县工业信息化和商务局2024年县域商业体系建设项目－公开...
[2026-05-31 14:13:01]       ✓ [河南省·省辖区][竞争性磋商][材料设备]河南师范大学2026年现代工学院制药...
[2026-05-31 14:13:03]       ✓ [河南省·省辖区][公开招标][材料设备]河南省交通运输调度指挥中心河南省省级1...
[2026-05-31 14:13:04]       ✓ 石油基地养殖中心二层宿舍楼拍租交易公告2026-05-25交易公告...
[2026-05-31 14:13:05]       ✓ 河南交通投资集团有限公司洛阳分公司拟资产处置事宜涉及的连霍高速公路洛阳段北半幅大...
[2026-05-31 14:13:07]       ✓ 新L-C0K18、新L-S0305、新L-A0T99、新L-C0S70、新L-C...
[2026-05-31 14:13:08]       ✓ 21台报废车辆拍卖交易公告2026-05-21交易公告...
[2026-05-31 14:13:09]       ✓ 报废机械设备及电子设备拍卖交易公告2026-05-21交易公告...
[2026-05-31 14:13:11]       ✓ 新L-18211宇通客车拍卖交易公告2026-05-21交易公告...
[2026-05-31 14:13:17]       ✓ [河南省·焦作市·市辖区][竞争性磋商]焦作市智慧农业及数字乡村建设项目全过程造...
[2026-05-31 14:13:18]       ✓ [河南省·焦作市·市辖区][竞争性磋商]焦作市陶瓷工业文化创意园项目陶瓷文化孵化...
[2026-05-31 14:13:20]       ✓ [河南省·新乡市·新乡市][公开招标]新乡市市场监督管理局油品快速检测仪、加油机...
[2026-05-31 14:13:21]       ✓ 哈密伊州区星辉公司220千伏输变电工程－监理2026-05-26招标公告...
[2026-05-31 14:13:22]       ✓ 下涝坝乡下涝坝村标准化骆驼养殖示范区建设项目2026-05-25中标结果公告...
[2026-05-31 14:13:24]       ✓ 哈密市巴里坤县三塘湖镇冷链物流设施建设项目2026-05-25中标结果公告...
[2026-05-31 14:13:25]       ✓ 哈密瑞园酒店管理有限责任公司瑞园酒店建设项目(二次装修)2026-05-23变更...
[2026-05-31 14:13:26]       ✓ 海子沿乡村内人居环境改造项目[重新招标]2026-05-22招标公告...
[2026-05-31 14:13:27]       ✓ 哈密市丽园街道宝丰片区保障性租赁住房项目1#楼-9#楼幕墙工程（五次）2026-...
[2026-05-31 14:13:35]       ✓ 新L-18252泵车拍卖交易公告2026-05-21交易公告...
[2026-05-31 14:13:38]     保存 35 条
[2026-05-31 14:13:40] 
[101/218] 河南水利厅
[2026-05-31 14:13:40]   爬取: 河南水利厅 (https://slt.henan.gov.cn)
[2026-05-31 14:13:40]     找到 2 条标讯
[2026-05-31 14:13:40]     近一个月: 2 条
[2026-05-31 14:13:44] 
[102/218] 河南教育厅
[2026-05-31 14:13:44]   爬取: 河南教育厅 (https://jyt.henan.gov.cn)
[2026-05-31 14:13:45]     找到 6 条标讯
[2026-05-31 14:13:45]     近一个月: 6 条
[2026-05-31 14:13:46]       ✓ 中共河南省委组织部 河南省人力资源和社会保障厅 河南省教育厅河南省农业农村厅关于...
[2026-05-31 14:13:52]     保存 1 条
[2026-05-31 14:13:54] 
[103/218] 中国政府采购网河南站
[2026-05-31 14:13:54]   爬取: 中国政府采购网河南站 (https://zfcg.henan.gov.cn/henan)
[2026-05-31 14:13:54]     找到 190 条标讯
[2026-05-31 14:13:54]     近一个月: 154 条
[2026-05-31 14:14:34]       ✓ 河南省公安厅2026年度公车维修定点服务项目-废标（终止）公......
[2026-05-31 14:14:35]       ✓ 河南交通技师学院东西校区2026年保安服务项目-废标（终止）......
[2026-05-31 14:14:37]       ✓ 河南省红十字血液中心全自动样本处理系统项目（二次）-废标......
[2026-05-31 14:14:51]     保存 3 条
[2026-05-31 14:14:53] 
[104/218] 中国政府采购网湖北站
[2026-05-31 14:14:53]   爬取: 中国政府采购网湖北站 (https://www.ccgp-hubei.gov.cn)
[2026-05-31 14:14:54]     找到 139 条标讯
[2026-05-31 14:14:54]     近一个月: 122 条
